"RT @TheComedyJokes: *Enters a restaurant* ... ""Hello, Would you like a table?"" ... ""Wait what? Oh, this is a furniture store?"""," 
"
"Looking for new #garden #rattan furniture  Fast Delivery! Buy now! _URL"," 
"
"I swear some bitches are like alarm clocks, They won't shut the fuck up IKEA stores are designed just like mazes in or"," 
"
"RT @MAPIheMA: Los trabajadores de IKEA piden por favor que NO vayamos a comprar en domingo. #JuntosPodemos _URL"," 
"
"News from HASANA STUDIO: Antique Furniture Style - A piece of... _URL #furniture,#property,@property,#Rumah,#perabot"," 
"
"RT @archiproducts ""Relax yourself with this collection: LOTO RELAX by @Nardi Outdoor Furniture | "" _URL #nardioutdoor"," 
"
"I herd my daughter screaming push harder! Push harder! I guess they are moving furniture again"," 
"
"Get the best #furniture for the garden  Fast Delivery! Buy now! _URL"," 
"
"RT @Becca_dbc: #JaiHonteMaisJavoue je suis une voleuse de crayons chez ikea"," 
"
"""We are living in a world today where lemonade is made from artificial flavors and furniture polish is made from real lemons.""~Alfred Neuman"," 
"
"随分楽になったな…まだ少し辛いけど…
今日はニトリ&amp;IKEAで家具買いに行く～"," 
"
"Modern dining table - £144.99 #table #dining #modern #furniture #indoor _URL"," 
"
"We're gonna have to something about the sharp corners on all our furniture. Starting with the glass table! � _URL"," 
"
"After an exhausting day at ikea...Laying in bed reading my Cosmo magazine!! :)  #exhausted _URL"," 
"
"Ikea shopping �"," 
"
"@ninonino_0823 IKEA??なんのことだろ～～～～～ｷｮﾄﾝ・・(*・o・)"," 
"
"Call today to (305) 994-7900 for Liquidations of Office Furniture in Miami and Broward."," 
"
"RT @berniematthew: My life is like a beautiful piece of furniture from IKEA. Once I figure out how to put it all together, I may get to act…"," 
"
"News from HASANA STUDIO: Hepplewhite (1765-1800) - Hepplewhite... _URL #furniture,#property,@property,#Rumah,#perabot"," 
"
"Don't Delay! Get Your Furniture Cleaned Today! _URL"," 
"
"RT @keemy33: That's how Chief Keef house is big no furniture"," 
"
"@alan_greenhalgh come off at ikea, up to roundabout and left on A650 to Bradford. Turn second left and it's on the right. You get me?"," 
"
"RT @BestProAdvice: If you ever get a new puppy, put tin foil on furniture you don't want them to chew. They won't ever hop up on tin foil"," 
"
"Serfs had Cathedrals. We have Ikea. #ikea"," 
"
"RT @mashable: IKEA Partners With Customers to Sell Used Furniture in Virtual Flea Market [VIDEO] _URL"," 
"
"#me #now #in #da #bed #listening #Music #perreo #intenso #prim _URL"," 
"
"RT @vintage_legacy: SALE, a #chair made from #teakwood with a flower #curving | IDR 1.500.000,- (not include delivery costs) _URL…"," 
"
"News from HASANA STUDIO:   _URL #furniture,#property,@property,#Rumah,#perabot"," 
"
"Why pay more? outdoor #furniture  Fast Delivery! Buy now! _URL"," 
"
"Been in Ikea for dayyyys. Buy me A beer aha"," 
"
"Munich-based @sdiez has created a universal floor lamp with a 'trick' _URL and we love it! #design #furniture"," 
"
"RT @TheD: The shinbones main purpose for existence is to find furniture in a dark room."," 
"
"Need to buy furniture but don't want to trawl the shops?  Augmented reality furniture apps could be right up your street via @TheSTHome"," 
"
"Ikea Drive à Montpellier - L'enseigne d'ameublement IKEA teste un nouveau service... _URL"," 
"
"Min mamma och låtsas pappa checkar först in på ikea sen donken.. jag då?? Jag vill också ha mat"," 
"
"The Furniture Shack are excited to announce the grand opening of their all new Maroochydore showroom! Located... _URL"," 
"
"I'm at IKEA Parking Lot (Emeryville, CA) _URL"," 
"
"i was joking about getting a mini coach for my room but my mom took me seriously and now we're at ikea�"," 
"
"#softcream #ikea kiyokokunimatsu marisarai _URL"," 
"
"Furniture shopping so boring."," 
"
"""I haven’t seen a stereo that’s easy to use sounds truly impressive more like furniture than audio system” Macworld _URL ♦"," 
"
"""@WSJ: Why it takes IKEA half a decade to design a new kitchen: _URL"" - Just came back from #ikea .
Love it!"," 
"
"Im so happy to be in bed. I feel old. #boring #bed #tired"," 
"
"My mam is actually paying me because i got up an ready early to go to ikea with her hahaha love that"," 
"
"RT @IlusionOpticaEs: IKEA _URL"," 
"
"RT @Tierneyyy: I will handcuff my child to the kitchen table with a bible if they ever act like the kids on Vine twerking and cussing"," 
"
"No matter how much I sleep I'm always sleepy!!! #tired #bed #pillow"," 
"
"Georgian (1714-1760) - The Georgian style is a more ornate version of... _URL French Style Furniture,Gold Leaf Furniture"," 
"
"For a Low Low price on new #Potty #Chair  Fast Delivery! Buy now! Potty Chair _URL"," 
"
"I'm at IKEA Restaurant &amp; Cafe w/ @dilara_kurabiye @ua_ngel _URL"," 
"
"Five early shifts plus a cold has crippled me. Another early night. #Bed. Hate working"," 
"
"Anybody need furniture ?"," 
"
"So most areas see mad queues when a new ikea opens or GTA5 comes out - Not Bedford - it's Farmfoods… _URL"," 
"
"ok så för en stund sen kom min mamma in med sin nya badrock som hon köpte på ikea idag och började dansa"," 
"
"This is what I dream about now? Cleaning cat litter at church and browsing the Ikea catalogue?"," 
"
"Looking For Cat Furniture Plans And Woodworking Information? _URL _URL"," 
"
"Great day in the shop today. Lots of furniture sold so I'll be busy making lots more and re stocking the shop next week! X"," 
"
"Abamal,joyah nak meatball ikea please.. :("," 
"
"RT @ceemeagain: IKEA เปิดตัวแคมเปญใหม่ ให้ลูกค้าสามารถนำเฟอร์นิเจอร์มือสองของ IKEA มาขายบนตลาดนัดออนไลน์ได้แล้ว _URL #Dai…"," 
"
"RT @SincerelyMen: 1) Go to Ikea. 2) Hide in a wardrobe. 3) Wait for someone to open it. 4) Yell, ""WELCOME TO NARNIA!"," 
"
"RT @SedoyIL: ikea комбинация для офиса _URL"," 
"
"Napkin Ring white crochet with Ruffle  Set of 4 by TheCre8iveChick, $18.99 #dining #table #napkin #r _URL"," 
"
"RT @monaca10p: IKEAの本棚を組み立てて、金づちでクギ(18本)を打ち付けて完成したと思ったら一段だけ木のザラザラしてるほうが正面になってしまっていて…僕は嘆きました。絶望しました。でも、マスキングテープは悲しみを喜びに変えてくれたのです。 _URL…"," 
"
"@LordeUpdates The styling looked like catwoman wannabes had robbed the worlds tackiest jewellery/furniture store _URL"," 
"
"On s’embrasse à la photocopieuse
On se tient la main chez Ikea
On baise dans la douche. T’appelles ça juste des amis ?"," 
"
"RT @bsome: _URL
@iansomerhalder @PKoenig22 AND ME! @JMacMcArthur @MSgraphictweet 

THIS ONE ROCKS! RT PLEASE PEEPS"," 
"
"Ed oggi si vola da #ikea a guardare tutte le novità..mi vien già paura uscirò stasera per la chiusura ahah"," 
"
"RT @FRANCESCA_N_xx: I'll be good in #bed but I'll be #bad to you. _URL"," 
"
"Business Incubator for etailers or The challenge of moving from the kitchen table to a fully-fledged business. _URL"," 
"
"Furniture Village People #sponsoredbands"," 
"
"News from HASANA STUDIO: Finish for Antique Furniture wood -... _URL #furniture,#property,@property,#Rumah,#perabot"," 
"
"It's affordable &amp; dependable! #garden outdoor #furniture  Fast Delivery! Buy now! _URL"," 
"
"IKEAホットドックうめぇ"," 
"
"#IKEA 船橋のフードマーケットにクリスマスハムが入荷してるわよー奥さん。ジンジャーブレッドやクッキーのおうち製作キットなんかも。 #okfood なクリスマスにピッタリ！"," 
"
"Ikea Billy Morebo Glass Doors (albany / el cerrito) $20 _URL"," 
"
"Truly Terrifying Jack O' Lantern: Ikea instructions. _URL via @someecards"," 
"
"¿Y si los puzzles en realidad son cuadros del Ikea?"," 
"
"@JabJab_88 安そうに見えてたいして安くないよね～IKEAのカラクリ。"," 
"
"Just came home from practice to find my dad rolling a joint on the kitchen table... Typical Friday night in the Brydges household"," 
"
"Come to the conclusion, ikea is shit!"," 
"
"_URL Australia Moma Design Planar Tecno washbasin - Bathroom Furniture - Bathroom |  _URL"," 
"
"work in progress #couch #thehoustondiaries #homesweethome @ The Village at West University _URL"," 
"
"@MikeyQuidort they are getting bolder now. The squirrels in my Mom's neighborhood are eating plastic- the lawn furniture &amp; mail box."," 
"
"Uit de IKEA-kast!!!: _URL via @YouTube"," 
"
"@AguusNieva ikea"," 
"
"RT @1PhoebeJTonkin: In the blink of an eye IKEA goes from ""so many cheap/great options!"" to ""where is the exit this is an evil maze I'm goi…"," 
"
"RT @ShrimpLJY: #LofficielHommes
TOP : Honestly, I have a personal warehouse to collect furniture and statues like bath supplies, chairs and…"," 
"
"RT @DesignMAmour: Idee regalo Natale Ikea 2013 _URL"," 
"
"#Shower#bed#repeat"," 
"
"NAUT.furniture: Frame desk st _URL"," 
"
"@xkeepah Which desk are looking at IKEA? Let us know if we can help. We've assembled almost all IKEA desks and are familiar with quality"," 
"
"RT @IKEA_Atlanta: #Atlanta lets help #AtlantaBedRace give #FREE furniture to 40+ deserving families/wk _URL @AtlanticStat…"," 
"
"Goodnight kiss. #girl #night #sleep #tired #kiss #zebra #lips #bed #sleepy #instapic #instalike… _URL"," 
"
"RT @cthagod: Andre Rison probably used that no furniture line on so many different women. Dream Seller!! Hope Dealer!! Salute him! #CrazySe…"," 
"
"срочно пополнить. После заказа услуги в  _URL"," 
"
"Oh what a grey day! We will be in our showroom making space today for a new delivery of fab furniture on its way... _URL"," 
"
"Jumping into these and watching a film #cushions #bed #comfy #cosy #snuggle  #nighttime _URL"," 
"
"News from HASANA STUDIO:   _URL #furniture,#property,@property,#Rumah,#perabot"," 
"
"Is social media in ""real life"" a new trend? Real Life Instagram by Bruno Ribeiro is super cool _URL via @designmilk"," 
"
"ikea мольберт инструкция _URL обыграть казино начав с 1"," 
"
"RT @ChileEnfurecido: LOS DE PRIMERO AL FINAL DEL TRIMESTRE SE VAN A SABER EL CÁTALOGO DE SILLAS DEL IKEA DE MARAVILLA"," 
"
"Looking to buy new #garden #furniture  Fast Delivery! Buy now! _URL"," 
"
"Standing on the furniture doing my thang tell the club owner fuck yo couch rick James Bitch niggahhh"," 
"
"Ayer fui a Ikea y mirar a quien me encontre en los cuadros de exposición a la grandísima @Carmen_Lomana _URL"," 
"
"I'm at IKEA ايكيا (Riyadh) _URL"," 
"
"“@UberFacts: IKEA stores are designed like mazes in order to prevent customers from leaving.” @emilylisterr"," 
"
"#party #drunk #dancinf #love #takeaway #bed #fuckez @Jessmchalee @Jessmchalee"," 
"
"Annemi gittiğim heryere götürme isteğim 59 yaşına gelsemde değişmicek galiba. Keşke bunların ikea versiyonları olsaydı. Katlanabilir anne!"," 
"
"Duck face :D #teddy #me #making #fun #duckface #lazy #saturday #bed #evening #followme #please… _URL"," 
"
"Je découvre le Hot Dog IKEA qui est à la gastronomie ce que l'étagère Billy est au design! _URL"," 
"
"IKEA"," 
"
"The condo boom is revolutionizing the furniture retail business. Did you know that every ma... _URL"," 
"
"Ikea Galant Desk with White Desktop and A-Frame Legs (oakland piedmont / montclair) $50 _URL"," 
"
"Demain j'vais à IKEA."," 
"
"_URL матрасы в икеа отзывы"," 
"
"Сейчас в IKEA:^ выбираем мне кровать:))"," 
"
"RT @lavvi_loves: We swept the library,arranged the books,arranged the furniture and did weird stuff just to pass our band."," 
"
"It's #true! Get #genuine #duck #down #comforter for less than $200! _URL #quality #bedding #bed #warm #cozy #winter"," 
"
"Life question: why does ikea (the furniture store) have such an intense food court?"," 
"
"Early American (1640-1700) - 
Early American furniture is rudimentary,... _URL French Style Furniture,Gold Leaf Furniture"," 
"
"Need garden and #patio #furniture  Fast Delivery! Buy now! _URL"," 
"
"Taknak pergi IKEA !"," 
"
"Делаааа (@ IKEA) _URL"," 
"
"@mizzlizwhizz How fabulous! I envy his skills, making ikea furniture is as much as I can do. Bubble cars were so cool! Lovely photo/family!"," 
"
"RT @nurulrozynadia: wanna go ikea with u so we could choose cute sofas and beds and imagine hw our future house's gna be like"," 
"
"I'm at IKEA - @designbyikea (College Park, MD) w/ 12 others _URL"," 
"
"Demain direction tour : Ikea &gt;&gt;&gt;&gt;"," 
"
"por esos sofales del ikea de la zona vip #estamoscontigofranco"," 
"
"Robert Adam(1760-1795) - This style is named for architect Robert Adam,... _URL French Style Furniture,Gold Leaf Furniture"," 
"
"Escritorio De Oficina O Casa / Ikea / Como Nuevo: escritorio de oficina o casa / ikea / como nuevo    el escri... _URL"," 
"
"Paris commuters given view into bathroom ablutions: Ikea marketing stunt transforms train station billboards i... _URL"," 
"
"mein ikea brokkoli ist das beste kissen der welt. brudi broko �"," 
"
"Made a centerpiece for my kitchen table. Good ole Captain Morgan � _URL"," 
"
"@ChiPsyTrance I see so, all this new furniture is looking good! Now we await the best of the best. #System"," 
"
"RT @berniematthew: My life is like a beautiful piece of furniture from IKEA. Once I figure out how to put it all together, I may get to act…"," 
"
"IKEA広いーー！
家具買いに来たは良いものの人が多いテーブルと絨毯はどこだー"," 
"
"Beautiful Ornate Dark Makeup #Vanity #Beauty #Desk #Furniture _URL #shopping #gorgeous #fashion #home #decor  #decorate"," 
"
"We now have an Etsy Shop!This gorgeous Vintage Kitchen Enamel Top Table &amp; Chair Set is #forsale #dorsethour _URL via @Etsy"," 
"
"I'm at IKEA (Химки, Московская обл.) w/ 10 others _URL"," 
"
"I have never been to ikea"," 
"
"ストックホルムビール飲んだらすごい眠くなって困ってる。 #ikea  #lunch #swedishfood @ IKEA 船橋 レストラン _URL"," 
"
"IKEAってニトリみたいなのじゃないのか…"," 
"
"RT @designmilk Friday Five with Patrick Norguet _URL"," 
"
"OH MY GOD Nick Offerman actually makes wood furniture and canoes and grew up farming and in the woods HE IS RON SWANSON FOR REAL"," 
"
"I got bored #turny #chair #blonde #crazy #weird #pointless _URL"," 
"
"RT @NathalieJK: Gezocht IKEA Fado lamp... Wie o wie heeft er een te koop? DM svp...."," 
"
"Jacilyn just about died when she saw my brother at the kitchen table this morning. Like What? Lol"," 
"
"American Empire (1800-1840) - American Empire is moderate in proportion... _URL French Style Furniture,Gold Leaf Furniture"," 
"
"Nog ff uurtje werken en dan naar #ikea kasten bestellen..... Pfffff wordt er nu al moe van maar ja het is niet anders."," 
"
"Kabinet Diminta Kembangkan Industri Furniture _URL #NewsUpdates"," 
"
"Inte SÅ mycket folk ändå! Kl 8.15, #IKEA #Borlänge #invigning #premiär _URL"," 
"
"'Sex with Sven was as exciting as an Ikea instruction manual' hahahaha best quote ever #mailonline"," 
"
"RT @kattenzaken: Ikea?.. Grmfff, niet overdrijven he! _URL"," 
"
"Beautiful boy x #Yves #boy #toddler #sleeping #sofa  andybatt1974 _URL"," 
"
"@Xgirl0928 IKEAとニトリとJoshinにいった。なきたい。いきたい。あきほー。"," 
"
"Gezocht IKEA Fado lamp... Wie o wie heeft er een te koop? DM svp...."," 
"
"RT @maddiewhisnantt: I think I like furniture shopping more than clothes shopping"," 
"
"jual furniture mebel Meja Kerja Baru: Meja Kerja Baru Design Simpel meja kerja baru ini berg... _URL minimalis terbaru"," 
"
"IKEAなう
ご飯おいしかった！ _URL"," 
"
"Hier werden keine Füße faul hochgelegt. #SofA steckt voller Abenteuer. Hier der YouTube-Clip: _URL #dpsg"," 
"
"Meet Me Over At Hooker Furniture _URL _URL"," 
"
"&lt;grabs a pint of ice cream from the freezer and flops down at the kitchen table, absently eating it, staring off&gt;"," 
"
"10 FREE IKEA DESKS (SOMA / south beach) _URL"," 
"
"Buenas noches!! #me #boy #gafas #gafitas #del #adrie #sexi #camelando #moreno #model #profesional #bed… _URL"," 
"
"RT @Rubiu5: Estoy del IKEA hasta los redondos. 3 dias seguidos llevo. Me cago en los Kjøttbôllers, en los Gräddfils y en los Lõrdagsgoddis.…"," 
"
"mee and daddy needa go furniture shopping cuz I cannot deal with not having anything in my room"," 
"
"@philiplcster intimidated by her new surroundings. She starts to wobble about, sniffing the floor and the furniture she comes across, and -"," 
"
"Give them something to want you for RT @derekt529: I bet I got more furniture than the wimmins I'm chasing tho."," 
"
"@zakrish16 @setiadiardi @azhaaruliman @satriaab hahaha parahlah ardi ama jakris, udah bawa2 surga neraka.."," 
"
"RT @_LightssOutt: Tf you gotta big house for with no furniture ? Niggas knew they was gone meet a crazy chick"," 
"
"IKEA breakfast ahhhh yeah"," 
"
"#picstitch #executive #desk #midmod #vintage #lookgoodwhileyouwork #leopold #denverthrift #lakewood #upgrade... _URL"," 
"
"RT @electradical: *on a diet*
""hm i'm hungry""
*eats cookie*
*a pizza*
*the kitchen table*
*the living room*
*an indian family of 5*
*with a…"," 
"
"IKEA living billboards: models use the bathroom in a Paris street _URL --[_URL]"," 
"
"Eso sí, necesito un tendedero de cuernos más decente que la lamparita de Ikea."," 
"
"RT @JKMedley13: In my house, the glass isn't half empty nor half full... It's usually spilled across the kitchen table"," 
"
"@misorockn @t24169 @yakimoching はやくIKEAにおいで、ちえのこと待ってるんやから。わたしもかおりちゃんと一緒にどなりにいってあげる。笑"," 
"
"_URL: VENEZUELA: Primera División _URL"," 
"
"Tomando cafés en el Ikea con @Kay_Kataclysm y @terewilliams0 _URL"," 
"
"@JackTheMaverick On the contrary, they now have to fill all that shit with furniture, so it actually -costs- them to have all that shit."," 
"
"Ikea legt Zahlen für Deutschland-Geschäft vor: Hofheim-Wallau (dpa) – Der Möbelhändler Ikea l... _URL kassel-documenta"," 
"
"RT @mtpennycook: IKEA on the Peninsula? Public exhibition of proposals 10 – 11.30am, Sat 9 Nov 2013
at The Forum, Trafalgar Road, London, S…"," 
"
"Check out this page @TwineSocial _URL"," 
"
"Al Caponeâ€™s business card said he was a used furniture dealer."," 
"
"Daim choclate from Ikea is soooo good!!!"," 
"
"Sitting at the kitchen table, trying to do homework. This was the only way to get her to stop trying… _URL"," 
"
"#google KACEY FINE FURNITURE: Human Resources Management in the Face of Change Book :) _URL #yahoo #bing"," 
"
"@JasperBmn graag gedaan... Gewoon laken of fleece deken werken ook prima!!! (Ikea)"," 
"
"my new bedroom ^^ #bed #fcb #barca _URL"," 
"
"RT @RochelleTheSats: Marvin is I quote ""preparing for the storm"" by bringing the garden furniture in...���"," 
"
"RT @SexuaIHumor: Are you a pinky toe? Cause I'm gonna bang you on every piece of furniture in my house tonight."," 
"
"RT @cumbriacf: Cumbria County Council are offering surplus office furniture free to a good home. Email furnituredisposal@cumbria.gov.uk for…"," 
"
"Concept that many #GenY are getting furniture that is disposable . Keep and replace. Not the heirloom items #furniture is used too. #hpmkt"," 
"
"Ikea sen niye bellona gibi reklam yapıyosun ama ya :("," 
"
"Livet Hemma: Nu öppnar julbutiken på IKEA!  _URL #ikea"," 
"
"_URL"," 
"
"@wkbandfan exactly!apparently walking on floor like normal cat or human is boring flying thur the air bouncing of furniture is entertaining"," 
"
"I'm about to just go to IKEA &amp; find a nice comfortable display bed to sleep in because I'm not going to make it."," 
"
"Thanks for follow @RandallsUxb! hope your customers may find some beautiful new art in our studios to match their new Randalls furniture."," 
"
"RT @CancerAreUs: Quote by a #Cancer: ""My ideal relaxation is working on upholstery. I spend hours in junk shops buying furniture."""," 
"
"Venerdì all'Ikea di Pechino........ 

- _URL"," 
"
"I'm at IKEA Brooklyn - @DesignByIKEA (Brooklyn, NY) w/ 16 others _URL"," 
"
"RT @FinnHarries: Wills made himself at home in Ikea... _URL"," 
"
"News from HASANA STUDIO: Chippendale Furniture - Chippendale... _URL #furniture,#property,@property,#Rumah,#perabot"," 
"
"you never know. suddenly, IKEA is collaborating with Choi Seunghyun.

not scandinavian tho, it's swedish but you know, close enough."," 
"
"Racetrack Style Texas... _URL #Full #Global #Hold'Em #Poker #Racetrack #Size #Style #Table #Texas #TradeMark"," 
"
"Picture table - Hide your kitchen table on the wall 

DESIGN LOVERS FAN PAGE ♥ Designcoholic ♥ _URL"," 
"
"_URL детский интернет"," 
"
"Alberi di Natale Ikea 2013 _URL"," 
"
"I can spell #spellingBchamp #imgettingpaper #redbull #ballsdeepinthatpussy #trampolines #porn #5hourenergy #chair #batmanrises #skeetskeet"," 
"
"_URL развитие инфраструктуры города книга _URL журнал ikea family"," 
"
"oooh, just found a site with lots of buggy swag/furniture I can't afford. Like this: _URL #beetles"," 
"
"Bij ikea wat te vreten haaln en daarna weer op huus an"," 
"
"RT @svtpejl: Idag öppnar Ikea i Borlänge. Får vi se en liknande utveckling som i Haparanda? Kolla visualiseringen av Ikeaeffekten! _URL…"," 
"
"College: the only place sofas are acceptable as outdoor furniture."," 
"
"RT @sumjenk: @dirtydaughtry almost forgot, I had a dream last night that you invited me to your mansion filled with all white furniture #th…"," 
"
"Västnytt rapporterar: Uddevalla la ner 447 milj för att få IKEA, största förlorarna är centrumhandlarna..."," 
"
"Rake leaves: 25 pts
Clean gutters: 60 pts
Pack away toys: 15 pts
Store outdoor furniture: 25 pts

Skip dinner for football game: -125 pts"," 
"
"@RomeoRosePhotos So you worked a job for 3 years and you still have no furniture? #toomanyuglyoverpricedclothes"," 
"
"RT @MarvinHumes: “@RochelleTheSats: Marvin is I quote ""preparing for the storm"" by bringing the garden furniture in...���”mans gotta do wha…"," 
"
"１人掛けソファは大人気POANGシリーズ！イケア通販「ネットでIKEA」→ _URL"," 
"
"Absolutely love ikea...hotdog and doughnuts �"," 
"
"RT @prfctrauhl: la pubblicità dell'ikea con tema natalizio, sottofondo natalizio, l'albero di natale. la frase 'il natale si avvicina'.
GEN…"," 
"
"Just seen a Christmas advert on TV. Fuck you oak furniture land, I haven't even been trick or treating yet."," 
"
"RT @hooooda718: IKEAの家具の名前か、ブラックメタルバンドの名前かをあてるゲーム _URL

難しすぎwwwww"," 
"
"Husband is doing a demonstration of The Right Way To Vacuum. It's cute he thinks I'm going to move furniture"," 
"
"My mom left some fish on the kitchen table and guess where it went. Yeap. My cats fat little tummies! �"," 
"
"RT @BadassBarbie11: I bet people who shop at IKEA always end up having just a one night stand."," 
"
"Had ikea meatballs for lunch! Now we're gonna watch Gravity, heard it's a good one.. Better be!"," 
"
"快適・軽量折りたたみベッド、ひとり暮らしにも最適、新品特価b: 現在価格:7,580 円,入札数:-,終了日時:2013/11/05 23:37 _URL #yauc #bed #ベッド"," 
"
"Windy today...wrapping up furniture market! #travel #wind _URL"," 
"
"And then your wife seems to think you're part of the furniture. Oh, it's peculiar, she used to be so nice. -Supertramp"," 
"
"Never, under any circumstances, combine a sle is a furniture store struggling to make a living,,your view on this"," 
"
"#BODW2013{Product &amp; Design} Alain Gilles - Big Table for Italian furniture brand Bonaldo #AlainGilles @designboom _URL"," 
"
"RT @TheComedyJokes: *Enters a restaurant* ... ""Hello, Would you like a table?"" ... ""Wait what? Oh, this is a furniture store?"""," 
"
"RT @UberFacts: One in ten Europeans were conceived in IKEA beds."," 
"
"Latest #sustainable furniture co. @TrueEmporium releases their newest ""in a box product,"" the wine bar. More on _URL"""," 
"
"@jenharold I will buy furniture, fancy cookie sheets, and share the rest with friends to do the same!"," 
"
"@GB_kirichan @kiriyukiyuki 
ぅぉーぃ！諭吉が出てったぞww
全く……ついてないよ。IKEA帰りで大渋滞……まだまだ帰れそうもないしこりゃ外食だな。さよなら諭吉(´；ω；`)"," 
"
"IKEAいーなー（ ;  ; ）
“@chikachika735: 今日IKEAいくー！あの生地がちほしい！”"," 
"
"Apartement furniture use - Everyone wants to have a place to stay... _URL French Style Furniture,Gold Leaf Furniture"," 
"
"Anybody got a spare room and taking in hoarders? The #BaldRedNigga can prob get ya some free furniture."," 
"
"Air tenang jangan disangka tak ada buaya, tapi ada ikan paus lagi tidur siang #bed"," 
"
"Koncept Furniture ได้อัพเดตภาพหน้าปกแฟนเพจล่าสุด ตามไปกดไลท์ให้พี่โน่กันเด้อ
_URL _URL"," 
"
"#pint #upsteps #alice #brewski #broski #noOtherfriends #corner #table #lipstick #quietone #toomany #hashtags"," 
"
"@FakePlasticL0ve does she know that all that furniture is not his and that he renovated before it went on the market?"," 
"
"RT @AYYSIAN: 1: Go to Ikea, 2: Hide in a wardrobe, 3: Wait for someone to open it, 4: Yell ""WELCOME TO NARNIA!"," 
"
"IKEAから連れてきた� _URL"," 
"
"Our lounge furniture is the perfect addition to your residence facilities. #MadeinAmerica _URL"," 
"
"RT @TempleFengShui: Feng Shui Tip: Pets will typically lay down in areas that have the best energy in the home as they are able to sense #C…"," 
"
"RT @rukiyeovic: Don't be so ignorant. ""@SaagarGujju: Bale on the bench once again. Expensive furniture."""," 
"
"Modern Red Cheap Living Room Furniture Sets _URL"," 
"
"@mnkamuru furniture, duvets, kitchenware, curtains etc. This upgrade has to be all round.  Not putting old wine in new wine skins :-D"," 
"
"@Nataliaarioss vale perfecto mi vidaaaa !!! te guaiii que voy a ver a la albondiga del ikea jajajajjaa te quiero"," 
"
"J'ai été a Ikea aujourd'hui, j'ai des idées pour refaire toutes ma maison maintenant..."," 
"
"Deportes extremos en la federación de estudiantes.
#extremesports #extreme #sports #chair #yeeeeah… _URL"," 
"
"Acho que amanhã vou ao Ikea, not sure."," 
"
"Its empty yo... My dad is insisting on buying furniture cash RT @IamWalktall: Ka eng? RT glo_riah: -_- this house ya nstress'a #Bloemanda"," 
"
"Macy's Silverdale Furniture Gallery, Silverdale, WA: Retail Selling Floor Leader, Part Time _URL"," 
"
"IKEAついた"," 
"
"@Benlong10 better than the furniture"," 
"
"@lanstigzzzz I'm accusing you of leaving budheavy cans on my kitchen table"," 
"
"If you get mirrored furniture. I'll kill you."," 
"
"RT @consumidores: Escondemos GPS en lavadora y la entregamos en un Ikea Madrid para #reciclar= recorre 800km hasta terminar en...Madrid htt…"," 
"
"Les miroirs d'Ikea, toute une vie _URL"," 
"
"Early American (1640-1700) - 
Early American furniture is rudimentary,... _URL French Style Furniture,Gold Leaf Furniture"," 
"
"@turuikoh es casi el peor pretendiente es un puto mueble de ikea"," 
"
"News from HASANA STUDIO:   _URL #furniture,#property,@property,#Rumah,#perabot"," 
"
"2 seater sofa and single divan bed: 2 seater leather sofa and pouf exc cond, looks new and single divan bed, e... _URL"," 
"
"@beaulievable i live in spain :) and yeah we have ikea"," 
"
"IKEA furniture!!! Where do we start. :). _URL"," 
"
"Ikea Malm Nightstand &amp; Chest (danville / san ramon) $30 _URL"," 
"
"@Madonna s Lucky Star makes me wanna dance on various pieces of furniture."," 
"
"Had the cutest day, but I couldn't be more tired! #bed"," 
"
"Modular bed furniture with an embedded bed..great for an attic room or loft style area. Great furnit _URL"," 
"
"Un pedacito de París al dormir. ¡Lo amé! #Paris #Francia #Love #Bed #CoverSet… _URL"," 
"
"In da ikea"," 
"
"RT @LifeCheating: Tired? In China, it is acceptable to walk into an IKEA store to relax and take a nap."," 
"
"Happy Saturday delivery to me!! ❤... #airjordan #11 #retro #legs #sneakers #bed _URL"," 
"
"How to dry a couch cushion, the Jason way. #cleaning #couch #roommate _URL"," 
"
"Iszy Billiards 8 Cue Stick Pool Table Ball _URL #Ball #Billiards #F51201-Black #Iszy #Pool #Stick #Table"," 
"
"#whitekitty #white #misufus #cat  #bed #sleep _URL"," 
"
"@chihiro0120ars 

まぢ(^O^)？！
IKEAができたとこ♡♡笑"," 
"
"Furniture workshop in Byker need donations to restore or customers to buy their refurbished wares! _URL"," 
"
"Perfect Sunday evening :) #bed #relaxing #ipad #kisstory _URL"," 
"
"Ikea busca executivo para filial brasileira _URL"," 
"
"#LasVegas Casino /  Club hook up - #SavemyNumber for the ULTIMATE HOOK UP #guestlist #NoLine #Table 702.506.4504 Text / call"," 
"
"ひろしまにIKEA出来た途端にみんなIKEAIKEA言い出すんじゃろーなー。そうなる前にかぶるまえに色々買いたい。画質。 _URL"," 
"
"Sven-Göran Eriksson: Sexe, tromperie et Ikea, les confessions de l'ex-coach star _URL"," 
"
"Descubrimiento para los que no sabemos de diseño: _URL tiene groso simulador de ambientes. #CualquierHoyitoEsTrinchera"," 
"
"我在宜家家居 IKEA(北京商场) _URL"," 
"
"Never thought buying furniture would excite me � #old"," 
"
"I'm at IKEA Personeelskantine _URL"," 
"
"RT @mrsean2k: In 2513, noted palaeotweetologists will mine twitter and declare images of fallen garden furniture to be robust proxies for e…"," 
"
"Moving the furniture around in these rooms is easier than I thought.. We could've done this a long time ago"," 
"
"@hora_ali atleast I'm not dancing on the furniture.."," 
"
"What do you do when your instraments don't show up???  Use the kitchen table! _URL"," 
"
"RT @PKlenkoski: #chair #favourite #eames #classic _URL"," 
"
"Nothing to do here. #bed"," 
"
"just built some more furniture for my parents, paying them back one cabinet at a time"," 
"
"Was leuk dagje bij ikea met mama&amp; elke, met mike, en daarna trainen nu echt moe, zo slapen en morgen vroeg mn bed uit om nog te gaan leren.."," 
"
"Chic Classics wish every one beautiful weekend,.....
Don't forget to pop in To Furniture Direct in Pokesdown, for unbelievable clearance:-)"," 
"
"ada orang tu kan upload gambar meatball ikea kat ig. kiyaaaaaaaaa aku lapar ni. kenapa kat taiping ni takda ikea hah? -.-"," 
"
"Savings on #patio outdoor furniture  Fast Delivery! Buy now! _URL"," 
"
"I have a few furniture items...wardrobe, chest of drawers, rugs and large mirrors if anyone is interested  #freecycle Pick up SE26"," 
"
"こっちのIkea、配送翌日か翌々日しかしてくんないのね。今日いった意味ゼロ。。"," 
"
"IKEAに行きたいぞなもし⊂((・x・))⊃"," 
"
"C'est pas bien pour moi d'aller a ikea mdrr"," 
"
"Hello from London! .. I mean my bedroom � #bringinglondonhome #ikea #imisslondon _URL"," 
"
"I'm at IKEA (Petaling Jaya, Selangor) w/ 2 others _URL"," 
"
"_URL #Showplace #Furniture... A Fabulous #MidCentury #Magazine #Rack in #Teak by #Bruksbo, #Norway"," 
"
"RT @ReiBug: Rearranging furniture is one of my biggest hobbies"," 
"
"News from HASANA STUDIO: Mango wood furniture - Mango wood for... _URL #furniture,#property,@property,#Rumah,#perabot"," 
"
"RT @Ely_10890: Caminito de Ikea con @ThaisSaiz92 y @aitor_as"," 
"
"RT @IlusionOpticaEs: IKEA _URL"," 
"
"University of Florida Pool Table Felt Professional 9ft _URL #Felt #Florida #NCAA #Pool #Professional #Table #University"," 
"
"Django is appearing at IKEA in #Houston Tx today lived most of his life on a chain PRT Ready for FUREVER FAMILY _URL"," 
"
"Afternoon eats #sgweekend @ IKEA Restaurant _URL"," 
"
"Vanmiddag naar de Ikea."," 
"
"RT @poxojode @deadmau5 VIDEO: Ikea gets its China formula right: After years of struggling in China, the Swedish... _URL"," 
"
"#princess #bed #hogger #double #bed #little #person #no #space #loveher #cute #sleepover #family _URL"," 
"
"ニトリかIKEAオフ開催しようほんと"," 
"
"Working with #IKEA kitchen planner - my worst nightmare. #laggymac"," 
"
"Looking for new garden and #patio #furniture  Fast Delivery! Buy now! _URL"," 
"
"""Panneau salle de bain gare St Lazare"" BRAVO IKEA MAINTENANT VIENS FAIRE PAREIL A LA MAISON ! _URL via @strategies1"," 
"
"RT @Infvmxus: I forgot how horrible ikea is"," 
"
"Can't wait to have new furniture in my room�"," 
"
":) (@ IKEA w/ 84 others) _URL"," 
"
"Early American (1640-1700) - 
Early American furniture is rudimentary,... _URL French Style Furniture,Gold Leaf Furniture"," 
"
"RT @TwitFAKTA: Brad Pitt sebelum terkenal adalah seorang supir bayaran, kurir furniture dan maskot berkostum untuk restoran."," 
"
"man i LOVE ikea"," 
"
"Automating Product #Photography with An IKEA SNUDDA And An RC Car - _URL"," 
"
"Wa last!!!!!!!!!!!! @JustStade: We talking sex you talking furniture.. Any1 jhoor""@SEXTIONNAIRRE: Couch sex or table sex #SNLV"""""," 
"
"of course guys come to deliver my moms new furniture and they're cute and I'm in baggy sweats with my baby �"," 
"
"In #ikea. Free wi-fi. This is what #twitter is about!"," 
"
"Antique Windsor Doll Chair Wooden Heirloom Furniture Green Primitive Vintage  _URL _URL"," 
"
"Furniture Buying Secrets: How To Shop And Ca _URL #furniturepainting #furniturerefinishing"," 
"
"#Kotched #Bed #Selfie _URL"," 
"
"RT @applemacbookpro: 5 Visions of Violet: The Power of Purple Furniture _URL @MirrorKate _URL"," 
"
"journal standard Furniture 「オリジナルマルシェバッグ」プレゼントキャンペーン | ベイクルーズ グループ｜BAYCREW.. - Crocos懸賞 _URL @crocos_presentさんから"," 
"
"RT @muhtesem_slymn: Durup durup içimden evladiyelik diyorum. Kelime dağarcığıma kattığın bu yeni kelime için teşekkürler ikea. Teşekkürler …"," 
"
"@dentist_gkr @Denteva yaa 'napacanız ikea yı parasını sizemi veriyorlar' der ben giderim �"," 
"
"Global Village: Ikea in der Wüste - SPIEGEL ONLINE -  _URL Während die EU mit sich selber beschäftigt ist und keine Lö..."," 
"
"one of forty - Coque Armchair #LArcoBaleno #interiordesign #furniture _URL via @pinterest"," 
"
"Cute trip to IKEA with the Boyf � and now to persuade him to let me get a rabbit..."," 
"
"@VintageMuskoka Been decorating basement by little known Swedish designer Ikea!  Putting furniture together. You?"," 
"
"#Chicago South Suburbs. For Custom Made Furniture of the 21st century. Visit: _URL _URL"," 
"
"RT @Brottsanalys: För att få Ikea &amp; IKano att välja Uddevalla så plöjde kommunen ner 447 miljoner i bl.a anläggnings- och vägkostnader. htt…"," 
"
"#linnea vilar på #ikea _URL"," 
"
"Only thing I like about Greece is the Athens ikea and that's fucking Swedish"," 
"
"Don't just dream about #patio #furniture  Fast Delivery! Buy now! _URL"," 
"
"Beautiful Antique Writing Desk serpentine, green leather top, curved drawers £275.00 - _URL _URL"," 
"
"Xfavor si alguien tiene pensado ir a ikea proximamente que me lo diga, necesito una cosilla !!!"," 
"
"News from HASANA STUDIO: Georgian (1714-1760) - The Georgian... _URL #furniture,#property,@property,#Rumah,#perabot"," 
"
"@jessicaroseLDN finishing and labelling stock for @DazzleJewellery #dazzleoxo, think it'll be craft alongside jewellery at the kitchen table"," 
"
"Ana Lisa Alperovich Vibrazioni's Recycled Oil Barrel Furniture Comments on the Oil Crisis #greenworks _URL"," 
"
"@666bungle furniture store?"," 
"
"New listing on #ebay: 'CHERISHED TEDDIES GARDEN - GARDEN FURNITURE (202967) - CHAIR BENCH AND TABLE' _URL"," 
"
"E ora giro all'ikea! YEAAHHH (at @IKEAItalia w/ 5 others) _URL"," 
"
"Le mal de tête, les yeux trempés, le coeur en miette et la gorge serré, je te salue solitude. #sad #sunday #afternoon #bed #cry #10month"," 
"
"IKEAのレストランでの飲みは、結構満足度高いんだよな。また新宮のIKEAで飲みてぇ…　＞RT@"," 
"
"RT @stasiabergen415: _URL #reclaimed #furniture, #reclaimed #wood #furniture"," 
"
"RT @prpritam: How to Remove Marks Left on a Leather Sofa by Hand Gel...
_URL"," 
"
"Finally got my kitchen perfectly decorated. New furniture love it!!!"," 
"
"RT @Spaski91: Шелдон: ""Maybe your friend should go to IKEA and assemble a sense of humor""
#TBBT"," 
"
"IKEAも楽しかったぁ ➳♡会員なれば良かったかなぁ"," 
"
"Anyone in Nashville with a truck or no someone who does please help. I need some assistance getting furniture from downtown to Hermitage."," 
"
"Today's featured artisan is Ecolectic! Bright, unique furniture created by a unique interior designer, Abbie Marshal. _URL"," 
"
"何故かIKEAにきた、家具がすごかった。"," 
"
"IMISS IKEA"," 
"
"あー。なんつーか。もう。IKEA行きたい。IKEA行ったことないからIKEAすごいんだという刷り込みがひどい。"," 
"
"A Fnac está em primeiro no número de utilizadores únicos e a Ikea lidera em páginas visualizadas, diz a Marktest. _URL"," 
"
"My mom and gma got new furniture this morning."," 
"
"Качество доставки в «METRO», «IKEA» и «Media Markt» повысится благодаря&amp;#8230;"," 
"
"Leather Sofa with Wood Trim - Floor model from a local retailer .  Perfect condition ... - _URL _URL"," 
"
"RT @christianovelli: Sleeping on ur back causes good posture. Sleeping on ur side causes happier dreams. Sleeping on the kitchen table ruin…"," 
"
"RT @empleoytrabajo: Ofertas de empleo de grandes empresas en España: Ikea, Decahtlon, Zara, Mcdonalds, Meliá, Eroski, Lidl, BBVA...  http:…"," 
"
"@kirk064 go to your nearest ikea. find couch. lie down on couch. sleep"," 
"
"_URL скачать программу ikea проектирование кухни
 _URL"," 
"
"Pretty Pinky Different Styles Collection Of Cool Design Ideas For Little Girls Bedrooms _URL #bed"," 
"
"RT @margotpol: Trots op je complete IKEA interieur? Gek op retro IKEA? VK Magazine zoekt mensen die uit de Billykast durven te komen! m.pol…"," 
"
"RT @PariEndorsed: I wish I had my own flat. With a Living room and a rug under a coffee table and a tiny kitchen with a Box TV!"," 
"
"“@LifeCheating: Tired? In China, it is acceptable to walk into an IKEA store to relax and take a nap.” @InfamousScorpio"," 
"
"Antique Ceiling Tin Table!! #trashtotreasure #diy #furniture #makeover _URL"," 
"
"これほしいー
_URL _URL"," 
"
"Ikea Ekensberg Oak Table and 4 wicker chairs as extras : Old Street, London : £65 ... _URL"," 
"
"Lovely little kitchen table find. #weird&amp;wondeful housemates _URL"," 
"
"у каждого героя есть скелеты в шкафу  _URL"," 
"
"RT @FactHive: It's illegal to name your child ""Ikea"" in Sweden."," 
"
"Free if you can collect (Norwich) before Sunday: Red Ikea 2 seater sofa, no room for it in my new room pls RT _URL"," 
"
"I was fuckin with the rug &amp; I said ""stop doin that to the furniture!"" &amp; he was like ""that's not the furniture, that's the rug!"""," 
"
"@amatix only furniture. I need to buy *everything* for an apartment. That’s tonnes of stuff."," 
"
"Lifting furniture in the heat with a jacket on is not the biz lemme tell ya"," 
"
"_URL пружинные матрасы икеа"," 
"
"RT @delasheridas: David Lynch pide perdón públicamente tras confesarse autor del recorrido del IKEA."," 
"
"mum just said if i do the exams she will buy me a chest of drawers for my room and i really want the furniture but i cant do the exams"," 
"
"I mean like I cannot even be bothered to move my books from my room what more moving the furniture in my room"," 
"
"RT @EddyBreezy_: How Does a Pimp Have a House with No Furniture?? ��"," 
"
"RT @RobinSar02: With ma gerlfren
#panda #girlfriend #love #beauty #bed _URL"," 
"
"Just found this on the kitchen table...... #ICantThinkOfAnAppropriate#???? _URL"," 
"
"@StephHartigan We can come up with another air mattress, too. If not, there's patio furniture on the roof."," 
"
"Headed to IKEA �"," 
"
"RT @semsmotoday: Problems finding the right #conference furniture for your facility? You must see _URL"," 
"
"Free two seater tan leather sofa : Surrey, London ... _URL"," 
"
"I'm going to be moving back home soon, so if anyone is in need of any furniture, or knick knacks, or common house hold items plz lemme know"," 
"
"mum has asked me to build some chest of drawers that we got at ikea the other day omfg I struggle to use a pencil let alone built shit"," 
"
"RT @TwitFAKTA: Brad Pitt sebelum terkenal adalah seorang supir bayaran, kurir furniture dan maskot berkostum untuk restoran."," 
"
"So my dad is trying to set me up with the guy showing us couches at the furniture store bc he's premed thx dad NO"," 
"
"@mn_gb gibts noch was anders bei Ikea?"," 
"
"#goodnight #red #flowers #bed #me #girl #green #eyes #closeeyes #seeyoutomorrow #sweatdreams #love ☺ _URL"," 
"
"News from HASANA STUDIO: Furniture Style Colonial - Colonial... _URL #furniture,#property,@property,#Rumah,#perabot"," 
"
"Antique Furniture &amp; Collectables 20% Off (Marqet Place 10901 Hull Street Rd Midlot): 20% Off Fall Sale in Vend... _URL"," 
"
"#FengShui e o poder das imagens: crianças e cachorros &gt; _URL #BemEstar"," 
"
"This Diwali avail the most exciting range of Office and Home #Furniture at Stellar Furniture.. and get Big Deals... _URL"," 
"
"Preiswerte #Häuser für #Auswanderer auf die #Philippinen. ikea #bausatz oder massiv bauen lassen. _URL"," 
"
"Vaisselle pas cher ► _URL

#Vaisselle #Table #Cuisine
 #6: Assiette... _URL"," 
"
"@Fritztram aber wenn man sich vor dem Suizid noch einmal richtig quälen will, dann geht man am Samstag vormittag zu Ikea -am besten mit Kind"," 
"
"RT @delasheridas: David Lynch pide perdón públicamente tras confesarse autor del recorrido del IKEA."," 
"
"My snoring Susan's fallen asleep on me #wild #saturdaynight #snuggledup #bed… _URL"," 
"
"""@NikkieP_TV: Can't trust a man with no furniture #TLCSTORY""yu a fool"," 
"
"@ Ikea"," 
"
"I'm at IKEA Restaurant &amp; Cafe w/ @ssonyildirim _URL"," 
"
"Doll house miniatures - _URL - #home #decor #design #beautiful #shabby chic #vintage #furniture _URL"," 
"
"#Sweepstakes - Win An EQ3 Furniture Gift Card $10,000 Value - USA/CANADA
 _URL via @sharethis"," 
"
"It's affordable &amp; dependable! #patio and outdoor furniture  Fast Delivery! Buy now! _URL"," 
"
"I wish my cats didnt wreck everything. #Couch #Bed #ShowerCurtain #MyLife"," 
"
"furniture shopping might be the most fun//frustrating thing EVER! but I can't wait!!!! :)"," 
"
"どこかで立寄ろ！メモ
三越環境デザイン＋FURNITURE DESIGNS::: Living Design Center OZONE _URL"," 
"
"Thinking back on the fact that I brought my roommate to a pregame and 2 minutes into it I found her at the kitchen table sewing a costume"," 
"
"I'm at IKEA (Singapore) w/ 11 others _URL"," 
"
"RT @_b_4: For sale: Giant Panda. Well trained. Genuine reason for sale (my wife's just bought new bamboo conservatory furniture). £100"," 
"
"I love ikea #ikea #swedishmeatballs #nomnomnom _URL"," 
"
"@fuzziestFreya @KerDunkedunk @TourGuideTed @JezzerBear @F_is_for_Fred @LumpyPaws so mama say her IKEA one broke so she need new one."," 
"
"Genie In A Bottle just came on Pandora and I began to perform a strip tease for my entire family on the kitchen table"," 
"
"I think my Feng is all out of Shui 2day! #FengShui which enables it to strike and destroy its victim, Sun Tzu #quote"," 
"
"Weirdly I have half an hour spare.  How did that happen?  Oh well i'll go move some furniture around ;)"," 
"
"@AzyanSaifuddin ah bestnyaaa bangun lambat. Yahhh tadi pi ikea survey katil sat. You nak shopping ke dkt sini?"," 
"
"@justusdonuts I don't buy cat furniture, as a human, I am the furniture!"," 
"
"RT @jannypuff: when i have my own house i want everything to be white, the floors, the furniture, ESPECIALLY fabrics like bedsheets, towels…"," 
"
"RT @IamEnidColeslaw: the heart is as fragile as an IKEA coffee table"," 
"
"Racing Striped Linen Daybed by ​CR Laine Furniture — High Point Fall Market 2013 _URL [#インテリア情報NEWS]"," 
"
"Recurrir a un estudiante de derecho comunitario para que te monte los muebles del IKEA porque ser Arquitecto no basta. @AndresFerch"," 
"
"_URL Ikea or Death Metal quiz....16/20 means I either worked at Ikea or I am the cloven hoofed one!"," 
"
"@katewalsh What's your Halloween costume? #bagel #kittenporn #bed"," 
"
"Big savings on #Bed  #Waterbed #Accessories  Fast Delivery! Buy now! Bed &amp; Waterbed Accessories _URL"," 
"
"Lurgy.. Man-Flu.. Burning the candle at both ends! #HotRibena #Bed #fast⏩
Bring on my 3 day Wknd!"," 
"
"Schwächeres Wachstum: Ikea-Boom in Deutschland flaut ab _URL"," 
"
"@JayRoyal_ Nothing but put some furniture in my house"," 
"
"Drehstuhl ""JULES"" in schwarz von IKEA abzugeben: Düsseldorf | Ich verkaufe hier einen sehr gut erhaltenen schw... _URL"," 
"
"RT @christianovelli: Sleeping on ur back causes good posture. Sleeping on ur side causes happier dreams. Sleeping on the kitchen table ruin…"," 
"
"NEW IN BOX WHITE LEATHER RECLINING SOFA W/ LOVE _URL"," 
"
"If I'm writing this, it means I've survived Ikea, right?"," 
"
"IKEAで買ってもらった、限定のコウモリ柄のおぼん。コウモリ、カボチャ、オバケ、ハロウィンモチーフって見てるだけでワクワクする☺︎♡ _URL"," 
"
"I'm at IKEA cafe (Санкт-Петербург) _URL"," 
"
"IKEA Malm King Bed Frame - Includes Slats! (hayward / castro valley) $185 _URL"," 
"
"PLEASE DO NOT TAKE FULL BODY PICS IN YO HOUSE IF YU AINT GOT FURNITURE"," 
"
"IKEA行かなきゃだけど動く気おきないやつ"," 
"
"итальянская мебель фабрики cappelette _URL"," 
"
"Rc.293/22.10.13 Providing 10 Computers&amp; furniture to Up schools in each Dist for CAL programme those Schools have more than 100 students"," 
"
"IKEA ocupará 37.000 m2 en el parque de Alfafar _URL vía @ncomunitat"," 
"
"Peluang peningkatan ekspor furniture ke Eropa terbuka luas: Peluang peningkatan ekspor furniture dan produk ke... _URL"," 
"
"友香塾迎え行ってから薬局〜！
プチドライブ！
次IKEA行こぜー！！！"," 
"
"Love the idea of Ikea Greenwich but surely the infrastructure won't cope. Traffic around the Peninsula can be horrendous."," 
"
"#пейзаж _URL клавиатура genius slimstar"," 
"
"RT @stasiabergen415: _URL #reclaimed #furniture, #reclaimed #wood #furniture"," 
"
"RT @MvRenPartners:  DHZ implementaties…  Het succes van IKEA is natuurlijk primair te danken aan die… _URL"," 
"
"TOP never liked attending YG family event. He prefers to stay in his cave with his furniture collection. I should have known."," 
"
"“@LikwidCyance: Broads with cheap furniture pussy be bangin” lol"," 
"
"Duncan Phyfe(1795-1848) - The Duncan Phyfe style is characterized by... _URL French Style Furniture,Gold Leaf Furniture"," 
"
"How I help my sister revise for French #school#tomorrow#french#after#Xfactor#uk#swindon#sofa#sister _URL"," 
"
"News from HASANA STUDIO: Lounge at Capitol Park APARTMENT -... _URL #furniture,#property,@property,#Rumah,#perabot"," 
"
"@asaaanbazaar nice sale! furniture hasn't done well 4 us yet,maybe the area we're in,or i just need 2 lower prices (ugh)"," 
"
"Peluang peningkatan ekspor furniture ke Eropa terbuka luas: Peluang peningkatan ekspor furniture dan produk ke... _URL"," 
"
"@schultepk getting new carpet tomorrow so just had to move the furniture"," 
"
"Automating Product Photography with An IKEA SNUDDA And An RC Car _URL #photography #arts"," 
"
"YAY!! Going IKEA later, like to look at furnitures! ☺️☺️"," 
"
"#me #now #bored #listening #to #music #relax #sofa #instarelaxing #l4l #f4f _URL"," 
"
"Work 10-8 (@ Furniture Liquidators) _URL"," 
"
"Apartement furniture use - Everyone wants to have a place to stay... _URL French Style Furniture,Gold Leaf Furniture"," 
"
"RT @SubMedina: More crap here! Sweet! - IKEA va bientôt s'implanter au Maroc _URL"," 
"
"Salmon* RT“@FaisaliqKhan: IKEA cafeteria’s Hot Dogs &gt;”"," 
"
"News from HASANA STUDIO: Federal(1780-1820) - The Federal... _URL #furniture,#property,@property,#Rumah,#perabot"," 
"
"Video: I like pumping iron. And pumping furniture. Into people’s homes. _URL"," 
"
"RT @Tipton21: Winds strong, Patio furniture and barbeque all blown over my garden..............
pleased really because i didn't have any be…"," 
"
"Some funny ones! RT @weusegadgets: OMG weirdest furniture ever! I want #8 in my living room. _URL"," 
"
"New apartment no furniture... Told her i had to move _URL"," 
"
"RT @TheOnion: Mom’s Head Rotates Demonically After Passing Sign For Antique Wicker Furniture _URL"," 
"
"Why buying furniture should be like a long term investment. _URL via @ShobaNarayan"," 
"
"These guys are pretty good at setting up furniture. I hope. _URL"," 
"
"get another shower move this furniture.. then bed.."," 
"
"Auf dem weg zu ikea _URL"," 
"
"RT @kellyoxford: $ in 20's = survival &amp; alcohol.
$ in 30's = survival &amp; clothing.
$ in 40's = furniture, art &amp; alcohol.

SUCCESSFUL WOMEN"," 
"
"#sleep#morning#bed _URL"," 
"
"""@The9thKing: There is no heartbreak as painful as when the little toe meets the living room furniture. With force."""," 
"
"Extra special offers on new #High #Chair  Fast Delivery! Buy now! High Chair _URL"," 
"
"Anybody wanna go watch the game? I'm in the crib w no furniture and just a flat screen. This must be what bad bitches feel like"," 
"
"Опубликовано фото @ IKEA _URL"," 
"
"you don't own a TV...whats all your furniture pointing to"," 
"
"Roses on my kitchen table! _URL"," 
"
"#Lowker Materials Planning Staaf, PPC Staff, HR Staff: PT. Pacific Furniture membutuhkan segera : ... _URL"," 
"
"Furniture shopping! (@ Junque In The Trunk) _URL"," 
"
"RT @bruce_arthur: The Edmonton Oilers are the IKEA ball pit of NHL teams: Fun as hell to cavort around, and full of kids."," 
"
"Chillling in ikea _URL"," 
"
"RT @Marisaromansanv: En IKEA han cambiado la llave Allen y las instrucciones por un cuñado. Mucho mejor así."," 
"
"RT @RocktardsTweets: How long will it be before @shaycarl's hiding #BroTard in store furniture, throwing him in the air &amp; giving him voiceo…"," 
"
"IKEA on a Saturday. I must be desperate. At least it smells like meatballs. (@ IKEA - @designbyikea w/ 7 others) _URL"," 
"
"#Euroffice: Need Some New Furniture? Huge 10% #Discount When You Spend Over £79, Here: _URL _URL ツ"," 
"
"Authentic Rustic Furniture Program Info And Woodworking Guideline _URL _URL"," 
"
"0011553 Robyn Greenwood’s #bigtits in #Bed #RobynGreenwood #tits _URL"," 
"
"dinning room set: dinning room set _URL Furniture for sale"," 
"
"Chippendale(1750-1790) - The Chippendale style is named after British... _URL French Style Furniture,Gold Leaf Furniture"," 
"
"RT @TriviaIFacts: IKEA stores are designed like mazes in order to prevent customers from leaving."," 
"
"IKEA &amp; MVO: Sprookjestheater en beter onderwijs! _URL via @VROUW_tweets"," 
"
"Ashley Furniture Direct For Quality Branded: You want your home to be outfitted in your individual vogue with ... _URL"," 
"
"#london #job exp bespoke kitchen and furniture fitters and hand painters : London _URL"," 
"
"Can't wait to go furniture shopping tomorrow! �"," 
"
"#royal #bed #interiordesign #decor #ديكور _URL"," 
"
"10-month old is pulling himself up on furniture all the time now, he's so entertained w/his newfound abilities, it's simply too cute :)"," 
"
"RT @Twit_Info_Jobs: Lowongan kerja MARKETING INTERIOR di PT. ANDRETI INTERNASIONAL (MALINDA FURNITURE GALLERY) SMA/SMK semua jurusan _URL…"," 
"
"I'm gonna need help taking two kegs up the stairs. Decorating and taking my furniture out the house. I'll smoke u out nd make u dinner"," 
"
"Correos por la tarde es como ir a Ikea un sábado. Hay más gente que en el infierno."," 
"
".@PRnorthsider are you my big toe cause I want to bang you on every piece of furniture I own. ;))))))"," 
"
"#Euroffice: Need Some New Furniture? Massive 10% #Discount When You Spend Over £79, Here: _URL _URL"," 
"
"“@Jogreg: Rumbo a Ikea &lt;susto&gt;” = Disneylandia"," 
"
"RT @mrsayudewi: Kelamaan di mall itu...memang kurang baik.Niatnya mau potong rambut,ujung2nya beli furniture *~*"," 
"
"News from HASANA STUDIO: Queen Anne (1700-1755) - The Queen... _URL #furniture,#property,@property,#Rumah,#perabot"," 
"
"""@gertholtjer501: Wat doet iedereen bij ikea pffffff"" Hetzelfde als jij zich overal aan ergeren."," 
"
"Antique Bedroom Furniture 1930'S Mirrors, Dressing Table With Triple Mirror An... Place your add for FREE @referlocal _URL"," 
"
"Ma te guarda x andá all'Ikea quanta strada ho fatto... (@ IKEA | 宜家家居) _URL"," 
"
"#wall #picture #korea #bed #men #women #naked _URL"," 
"
"W Warwick RI - White Leather Sectional Sofa! Call Now for Details! Cabot House 555 Quaker Ask Jim Maguire 828.6002 _URL"," 
"
"NAVER まとめ  【IKEA収納】EXPEDIT（エクスぺディート）を活用したインテリア実例集 _URL"," 
"
"@IKEACanada waited on hold last night until my cordless phone died. Still have not heard from anyone from ikea Canada :-("," 
"
"RT @GBoners: wow #bed @MostlyBJs @PornoBrazil @FuckerMCBO @18__PHOTOS__18 @Bmore_horny _URL"," 
"
"Buenos dias , empezamos el día quedandome dormida... Eso es empezar bien! #goodmorning #bed #dreams"," 
"
"Crib/Toddler bed w/ Ikea mattress (berkeley) $70 _URL"," 
"
"TOP PAY Media Jobs $ Home Furnishing Sales Coworker (Livingroom - Sofas/Media Dept.) at Inter IKEA Systems B.V  _URL"," 
"
"11861:#WiseArt, #non-objective, #MET, #DONWESTISARacist, #improvisation, #Ikea,  see my homepage at  _URL"," 
"
"Women's Minimal style coat _URL #coat #Mango #Minimal #style #Women's"," 
"
"I'm at IKEA ايكيا (Riyadh) w/ 17 others _URL"," 
"
"Ikea noms! W/ @alarchambo _URL"," 
"
"RT @ZachGalifinak: 1: Go to Ikea, 2: Hide in a wardrobe, 3: Wait for someone to open it, 4: Yell ""WELCOME TO NARNIA!"""," 
"
"We do not just shrink wrap our pieces once but TWICE! Have no fear, GALLERY FURNITURE IS HERE! #GFTODAY _URL"," 
"
"Overleg over cao bij Ikea afgebroken - _URL"," 
"
"#short #summer #hawai #johnlcook #bed _URL"," 
"
"As iffy brothers got me pissed #lol#bed"," 
"
"RT @jrBoozeCheck: @sofreshsoclleen tomorrow i'm going to be magic mike after he opens his furniture store...what do you think?"," 
"
"RT @RatchetHumor: I take people seriously... When they tell me to make myself at home, I move their furniture around walk around naked and …"," 
"
"RT @David_IsayBlog: Non mi spiego una cosa: Miley Cyrus lecca un martello, e vende milioni di dischi. Lo faccio io, e mi cacciano da Ikea. …"," 
"
"RT @si_sableng: JOMBLO : Aplikasi Chat Makin Banyak, TETEP SEPI | PLAYER : Apliaksi Chat Makin Banyak, PERLUAS CADANGAN. | #BED"," 
"
"RT @jluismantecon: @LaVecinaDArriba ea café grande en vaso de IKEA jjjajajja _URL"," 
"
"IKEAのソフトクリーム５０円とか安すぎだったわー(*´∀`)"," 
"
"Going to ikea ���"," 
"
"Top of my Christmas list - every object, dress, jewellery and furniture featured on #DowntonAbbey #twenties #excess"," 
"
"@CClaire_G Tu me dis tellement de bêtises que j'oublie ! Je pense que tu te fera tatouer Noéms de toute façon ou Ikea !"," 
"
"5 Of The Prettiest Ikea Hacks | _URL _URL via @glitterguide"," 
"
"RT @KikeCastello: Echando a 1400 @barrenderosmad el PP demuestra que quiere para Madrid el modelo IKEA para la limpieza: Ya te barres tú la…"," 
"
"11月あたりに海ほたる経由の木更津からの南船橋のIKEAってのもあり！www"," 
"
"RT @moedetriana: No me creo que el Whatsapp provoque más separaciones que una tarde en IKEA."," 
"
"Abu chose to walk to Ikea (2 hours away) to buy hangers, instead of Aldi (2 mins) Why? ""Because they were matching."" _URL"," 
"
"� RT @sirSLAYSalot: Sheree? RT @iCuntKen: Mansion, no furniture."," 
"
"Hello profit - looking for a retail management system? Stop by and see them! #Furniture #retail _URL"," 
"
"lookin for a second job , gotta start buying furniture ."," 
"
"Use orphaned socks to protect your floors from furniture feet when you move it. #FloorTip"," 
"
"Someone lying on the kitchen floor waiting for the freshly baked chicken &amp; leek pie to fall off the table.......! _URL"," 
"
"RT @SetteMarieee: He lying girl . Big ass house with no furniture ? That ain't his you betta dip !
#TLCMovie �"," 
"
"@JaiBrooks1 I think of you like my little toe.. I'll eventually bang you on every piece of furniture in the house������"," 
"
"Lets go to ikea"," 
"
"Pannelli solari? Li trovi all'Ikea! Che ne pensate? _URL"," 
"
"RT @BriLoMan: Que buena tarde hemos pasao en el Ikea y después ""comprando musica""  jajajjaja muy muy buena!!!"," 
"
"@ChristinaJL_GB it's nearly done , got a few issues that need sorting but other than that it's decorating and carpets and furniture :)"," 
"
"Looking for a good place to buy furniture in Lexington...suggestions??"," 
"
"kid's furniture _URL"," 
"
"A large part, literally, Of your home decorating scheme is the furniture that populates the room. Check out Kassa Furniture RT"," 
"
"#thingsbetterthanmileysdocumentary IKEA Monkey: The movement"," 
"
"“@natomasbuzz Ashley Furniture HomeStore will hold a hiring event 9 a.m.-4 p.m. TODAY for its new store ... _URL"," 
"
"RT @OfficeFurniturz: Flash Furniture BT-660-1-BK-GG Mid-Back Ergonomic Black Fabric Task Chair with Adjustable Arms _URL …"," 
"
"RT @FinnHarries: Spent far too long in Ikea this morning!"," 
"
"Never wanna See a tents or pot noodles EVER again #bed #homecooking"," 
"
"RT @The_HelenKeller: #DontComeToMyHouse and rearrange the furniture, that shit ain't cool."," 
"
"RT @JennaFryer: At @NASCARHall, Bowyer says Harvick-Dillon incident was nothing ""but a divorce. That's about a guy taking the furniture, an…"," 
"
"""Neen maar schat, gewoon eens kijken!"" - die loopt straks met een tapijt den Ikea buiten."," 
"
"Impuls executive furniture _URL"," 
"
"初めて買ってみたIKEA印の発泡酒（フルーツブレンド？）デザイン可愛さのみジャケ買い。どうだろ味。たぶんまぁきっと、うん。気分気分◎ _URL"," 
"
"@achiacc As true as that is it's still weird to me. We don't know the color of the furniture or rugs or anything so we could botch the room"," 
"
"Who was at Plumlife's Home Buyers Show last weekend? _URL #Bolton #Ikea"," 
"
"@richardbranson Could use some expert feedback. Looking 4 mentor, investors &amp; PR/marketing ppl 4 furniture line _URL"," 
"
"RT @Invention_Pics: Awesome furniture _URL"," 
"
"UGLYYYY FURNITURE"," 
"
"RT @FR78Racing: Furniture Row Racing Signs Martin Truex Jr. to Multiyear Contract: _URL [photo] _URL #N…"," 
"
"Someone please tell me why my cat thinks his bed is the kitchen table. Like uhh no sorry Murph you sleep with me��"," 
"
"Satgi nak makan meatball ikea ~"," 
"
"Look at this kid sleeping in my room i got put in the couch #couch #brother #kid #thanks #ugh… _URL"," 
"
"Holam buenos días Helena, cielo mío que quiere ir al Ikea."," 
"
"Then now my upstairs neighbour's furniture began to move creepily. Like move a little, stop, move a little, stop. Wtf stop it can!?"," 
"
"#Bespoke Garden #Art #Furniture individually designed and made using #traditional and progressive techniques  _URL"," 
"
"News from HASANA STUDIO:   _URL #furniture,#property,@property,#Rumah,#perabot"," 
"
"Hmmmmm #badmood #bed"," 
"
"RT @UberFacts: One in ten Europeans were conceived in IKEA beds."," 
"
"If you haven't done much furniture restoration, you'll likely find it helpful to keep a guidebook on hand so you can quickly find answers"," 
"
"原宿のIKEAでシナモンロールもらえた！♡ _URL"," 
"
"En 2 horas finiquitado. Ni los suecos estan a mi altura. No Ikea, No Party. #House #Ikea #Green _URL"," 
"
"#Agujetas #Reventaera #bed #3 #hours #of #Train #Basketball #handlelife _URL"," 
"
"Berteduh di galeri furniture, dikelilingi wanita-wanita berjubah pelastik."," 
"
"Transform a ladder into a stylish piece of furniture to hold your bathroom essentials! More creative _URL"," 
"
"WOW FUCK YOU IKEA #FullFrontal"," 
"
"Home Decor and Furniture at Target: Up to 40% off - _URL"," 
"
"RT @UberFacts: IKEA stores are designed like mazes in order to prevent customers from leaving."," 
"
"Call me boring but I much prefer a night in bed with a film instead of going out.. #idealnight #film #bed #sober ;)"," 
"
"IKEAのCMすき(*^◯^*)"," 
"
"RT @Wijdan900: The main role of the little finger of ur foot is to make sure that every piece of  furniture in ur house is in its right pla…"," 
"
"i cant wait til we get our furniture !"," 
"
"@HomeDepotCanada DIY project that myself and my sister completed...outdoor pallet furniture #HDFallidays _URL"," 
"
"I'm not generally an angry person, but right now I really feel like damaging furniture would make me feel better. #BreakingDishes #Rihanna"," 
"
"Be sure to pick-up betterhomesandgardens latest special issue - it's jam-packed with fun furniture… _URL"," 
"
"News from HASANA STUDIO:   _URL #furniture,#property,@property,#Rumah,#perabot"," 
"
"RT @badboymatty22: If you're looking for mattresses or furniture or you just want to see me in bed come to the furniture outlet in fountain…"," 
"
"IKEAで収納ボックスばっかり買ってもうた♪"," 
"
"Met toestemming van mijn man, de studeerkamer omtoveren tot mijn beautyhoek:D. Hopelijk deze week naar Ikea en de spulletjes verhuizen:)."," 
"
"I need a new camera but I want new furniture"," 
"
"Creo que una tía tendría que estar con un tío de su misma inteligencia y viceversa por eso: guarra=sillón de ikea"," 
"
"I dont need to go to hotels and stay in new rooms, I rearrange the furniture in my room so it feels like a new one �"," 
"
"Hoy a entrenar con mi niña @Paolaro28 ! ¡tequiero mucho ikea ♥! _URL"," 
"
"Grazie ad Ikea posso ufficialmente annunciare che il Natale sta arrivando!!! Unico problema: ci sono 25° fuori... #vogliolinverno"," 
"
"Furniture fit for an #architect or your home. Stop by 10th &amp; St George in #mountpleasant #Vancouver _URL"," 
"
"あ゛ーーーーーーー！！！
のどのイガイガがとれない！！(`θ´╬)

今日はもういっかなー、、寝よかなー、、、、(´･_･`)
明日から断捨離しよ�IKEAは、キレイにしてからやな。☻"," 
"
"_URL"," 
"
"Cane Furniture- A Good Choice _URL   #Cane #Choice #Furniture #America"," 
"
"Heading to ikea to get some home furniture done ���"," 
"
"LARGE FURNITURE SHOP FIRE IN SHEFFIELD. 40 FIREFIGHTERS AT SCENE. _URL"," 
"
"@PiRchenillat @SoleneMchn oui par contre vous aurez du mal à faire des bains vu qu'il n'y a pas trop d'eau chez ikea"," 
"
"#sofa #mantita #frio #agustito #musica #ordenador #gloria #BuenisimosDias _URL"," 
"
"Offer: Dark brown table, folding sides, Ikea (Kidderminster) _URL"," 
"
"RT @TheRDS: Congratulations to Alan Meredith, winner of Muriel Gahan Award (4 young makers) @TheRDS! Woodturner,furniture maker&amp;architect! …"," 
"
"@Asdf12ghjk34 
俺はIKEAとかニトリで小物から何から全部統一して自分の部屋を作り上げる妄想をいつもしてるんや、夢のないこと言うな"," 
"
"i've never been to ikea... im trash"," 
"
"RT @TeknionEurope: A #BIM expert, Ian Chapman, is the speaker at a key furniture industry event in Hertfordshire next month _URL…"," 
"
"Mom sending me pictures from ikea while I'm at my desk is killing me! �� #LoveIkea"," 
"
"RT @all_about_today: If poverty has taught me one thing, it's that you don't need furniture to have an orgasm."," 
"
"RT @hidesouth373: リツイート大歓迎

IKEAが原宿に出現！
今日と明日の二日間、
明治通り沿い神宮前の交差点で中国とスカンジナビアンをコラボしたいLimited collectionを開催♫
両日共いるから、みんな来て _URL…"," 
"
"RT @MarkMallardHamm: I love my bed
My bed loves me
I sleep with my bed
And my bed sleeps with me
#Bed"," 
"
"News from HASANA STUDIO: Queen Anne (1700-1755) - The Queen... _URL #furniture,#property,@property,#Rumah,#perabot"," 
"
"Why pay more? Quality &amp; dependable #Beds  #Bed #Frames  Fast Delivery! Buy now! Beds &amp; Bed Frames _URL"," 
"
"im being taken to an IKEA oh no"," 
"
"i wanna go to ikea rn for some reason"," 
"
"RT @RebeccaBetts1: � A New Hand #Crocheted Reversible Dog or Cat #Rug #Mat #Bed � _URL #eBay #handmade #dog #cats #Pets"," 
"
"I'm at ИКЕА / IKEA - @ikea_ru (д. Кудрово, Ленинградская обл.) w/ 41 others _URL"," 
"
"Kommode streichen. Zu Ikea fahren. Nach FFM zu Primark. Bad putzen. Neue Rezepte ausprobieren. Jetzt das Problem: Pretty Little Liars."," 
"
"RT @coralanntolfree: Love a good Ikea pencil"," 
"
"RT @gudopinie: Wedstrijd op dak IKEA Utrecht.
Bal over het hek?
Wedstrijd lang bezig 'm te halen.
Ha! _URL"," 
"
"bueno... domingo que lo voi a dedicar a ponerme al dia en: WALKING DEAD, JUEGO DE TRONOS, BREAKING BAD. #palomitas #series #sprite #sofa"," 
"
"RT @UberFacts: IKEA stores are designed like mazes in order to prevent customers from leaving."," 
"
"RT @elhospice: Have you got furniture that you no longer want, need or use? If you have why not donate it to East Lancashire... _URL…"," 
"
"RT @designmilk: Twisted is a series of furniture that reflects on the notion of abstractness and function in the interior space: _URL…"," 
"
"@mialovesyellow OMG spooky, I'm going to Ikea this week…"," 
"
"Immer die Bahn mit ihrem ""Wir bitten um Entschuldigung"" - davon kann ich mir auch nichts kaufen. IKEA verteilt wenigstens Essensgutscheine."," 
"
"#princess#bed#baby#sosweet#cinderella#castle#just#for#babies#loveit ����� _URL"," 
"
"@sticksnskates13 got my rage on with ikea! Any tips in how to make it right ??�"," 
"
"RT @capnleela: Oh damn, the bartender keeps removing furniture so they don't break anything. It's like he knows them."," 
"
"RT @zaytungtweet: 3.5 saat süren bir ikea turu daha kokulu mumla son buldu..."," 
"
"Have you browsed all the new #furniture manufacturers on Maker's Row? Check them out: _URL"," 
"
"Does Switching Between Two Different Gadgets Mess You Up?:  My kitchen table looks like some kind of laptop tu... _URL"," 
"
"RT @rinasroom: どうして、北海道にIKEAないの( ﾟдﾟ)( ﾟдﾟ)( ﾟдﾟ)！"," 
"
"Shondell is cheffing it up in the kitchen! See her at Chef's Table for Guyanese Chow Mein! _URL"," 
"
"RT @cthagod: Andre Rison probably used that no furniture line on so many different women. Dream Seller!! Hope Dealer!! Salute him! #CrazySe…"," 
"
"#sofa: Sofa Minimalis Lexi -  Sofa Minimalis Lexi Featured product: 2 Seater kiri, 1 sudut, 1 Seat... _URL #SofaMinimalis"," 
"
"Three Cheers for Girls 78776 Fuchsia... _URL #78776 #Chair #Cheers #for #Fuchsia #Girls #SparkleTastic #Three"," 
"
"Pennsylvania Dutch (1720-1830) - Pennsylvania Dutch is a simple,... _URL French Style Furniture,Gold Leaf Furniture"," 
"
"News from HASANA STUDIO: Chippendale Furniture - Chippendale... _URL #furniture,#property,@property,#Rumah,#perabot"," 
"
"i want to go ikea �"," 
"
"Ikea with the hommies"," 
"
"Nicole's sukikyo say:I found some furniture while taking a walk. I'm so lucky! #Kawaii_pet"," 
"
"Which Is for You — Kitchen Table or Island? (9 photos) _URL #homeinterior #island #kitchen #photos"," 
"
"#Leeds bunk bed only as a spare parts or scrap metal : Moor Allerton, Leeds: standard I think ikea bunk bed al... _URL"," 
"
"Stay Tuned For More Great #Deals, Incredible #Voucher Codes And Huge #Discounts On Clothing, Electronics, Furniture And Beauty Products ツ"," 
"
"so excited to be back in the Shire tomorrow #tizzers #green #fields #home #fam #clifford #bed #realfood"," 
"
"@Britterz_xoxo okay I gotcha..... Ion wanna sit on no cheap furniture either so tighten up"," 
"
"@designmilk _URL"," 
"
"@MarcusRomer Weird question, but did that table come from Ikea circa 1989?"," 
"
"W Warwick RI - Head Over to Cabot House Furniture NOW! New Arrival Photo! Cabot House 555 Quaker Ask for Jim 828.6002 _URL"," 
"
"What is a Long term contract Home furniture?: Quite a few the instances, people use the actual significance wi... _URL"," 
"
"@ericaheffez never stop watching it's amazing #chair #bhuck"," 
"
"Glass Pavilion in California by Steve Hermann Design _URL via @designmilk"," 
"
"RT “@NextCityOrg: Hurricane-proofing: How the Red Hook Ikea withstood Hurricane Sandy  _URL”"," 
"
"Äter köttbullar på IKEA. Känner mig riktigt svenskt!"," 
"
"IKEA SEALING CHIP CLIPS Set of 10 NEW  for Food Kitchen Storage Bags BEVARA _URL #kitchen"," 
"
"I really wanted to eat IKEA's Ice-cream"," 
"
"Truex Going to Furniture Row After MWR Chase: Martin Truex Jr. to Furniture Row Racing after MWR manipulation ... _URL"," 
"
"Photo: Long day. Work tomorrow. Fuck #sleep #bed #tired _URL"," 
"
"I am pretty sure putting together IKEA furniture is a form of torture in some countries... _URL"," 
"
"RT @davidpi99: @nurisanmii ajajajajajajajaja es verdad.. Toda la casa del ikea.."," 
"
"RT @Rubiu5: Estoy del IKEA hasta los redondos. 3 dias seguidos llevo. Me cago en los Kjøttbôllers, en los Gräddfils y en los Lõrdagsgoddis.…"," 
"
"Oh how I love Robert Passal's interiors... the watercolor walls alone are beyond brilliant! #style  #fengshui _URL"," 
"
"Good fitness session at ikea today... #spent @joshsaunders12"," 
"
"майнкрафт мод jammy furniture скачать _URL"," 
"
"RT @berniematthew: My life is like a beautiful piece of furniture from IKEA. Once I figure out how to put it all together, I may get to act…"," 
"
"I just entered to #win &amp; you can too: ""Win a $1,000 worth of toys, furniture and cubby..."". Enter the #giveaway here: _URL"," 
"
"RT @Rubiu5: Estoy del IKEA hasta los redondos. 3 dias seguidos llevo. Me cago en los Kjøttbôllers, en los Gräddfils y en los Lõrdagsgoddis.…"," 
"
"RT @HomeFurnituress: Bell’O FP-2125 Versatile Wood Trim and High Gloss Black Flat Panel Furniture... _URL #HomeEntertainm…"," 
"
"Curb Alert - Free Ikea Corner desk (oakland lake merritt / grand) _URL"," 
"
"#FengShui  Simildeco Tener a nuestros aliados del horóscopo chino cerca es importante! Porque no en una taza?…... _URL"," 
"
"Do handcrafted furniture pieces cost more than mass-produced ones? Discover the answer and more in our buying guide: _URL"," 
"
"Broyhill had lowest margins in Furniture Brands: Broyhill Furniture Industries had the lowest gross margin dol... _URL"," 
"
"I love ikea �"," 
"
"New home! New condo!... and now time to buy new comfy furniture for me! _URL"," 
"
"RT @Rubiu5: Estoy del IKEA hasta los redondos. 3 dias seguidos llevo. Me cago en los Kjøttbôllers, en los Gräddfils y en los Lõrdagsgoddis.…"," 
"
"Delivery of furniture from Italy in Khabarovsk insured by the ” Alfa #Insurance ” for 200 thousand euro - _URL"," 
"
"RT @FunnyQuotees: Waitress: ""Hello, would you like a table?"" Blonde: ""Wait... this is a furniture store..?"" O_O"," 
"
"_URL Условия кредита в икеа"," 
"
"'We'll tidy up your room at the end of august'  or no maybe youll paint my sisters room, get her new furniture and clear it out"," 
"
"Did you know @SofiaVergara has her own #furniture line? Read all about it:  _URL @RoomsToGo"," 
"
"@joshy_t_ I know that's what I told Chris so were moving out next year around march I'm just saving up to buy new furniture and shit."," 
"
"Make a list of loose items that need to be brought in or tied down such as patio furniture, garbage cans, plants, etc  #prepare4"," 
"
"#horrorfilm #bed #lights #flowers #snug _URL"," 
"
"#me #inkwell #normal #morning #home #bed #like a #king #fres #aero #bored #natural #fashion @ my bed _URL"," 
"
"@CoolKidRuck ikea umbrella!"," 
"
"Quiero un plato de albóndigas y papas de IKEA ahora"," 
"
"趴睡枕。 (根本為人家設計的，害羞~) @ IKEA 宜家家居 _URL"," 
"
"RT @IX_XI_A: I really just sprayed bleach all over my furniture just to kill a bug....."," 
"
"Looking for new #patio and #furniture  Fast Delivery! Buy now! _URL"," 
"
"Ik hou van de Ikea"," 
"
"@CondenadosPod Estoy en Ikea con mi mujer comprando barras de cortinas y no para de preguntarme cual me gusta más. La mato o me suicido?"," 
"
"I'm at IKEA (Izmir, Türkiye) w/ 7 others _URL"," 
"
"The best part of assembling Ikea furniture is violently killing myself afterwards."," 
"
"★新品★シングルベッド 折り畳み 木製 キャスター付き FFB-111: 現在価格:9,800 円,入札数:-,終了日時:2013/10/22 03:06 _URL #bed #ベッド #安眠 #sougofollow #相互フォロー"," 
"
"RT @GG_quotes: RT @theLDRquotes Ours was the greatest love story ever told. // #Chair _URL"," 
"
"RT @OddestFacts: In China, it is acceptable to walk into an IKEA store to relax and take a nap."," 
"
"RT @JuliagMusic: Either the room above me is continuously moving their furniture around or they have somehow smuggled in a hippopotamus."," 
"
"RT @mr_arnaud_skB: J'ai vu le bébé le plus chou du monde a ikea mais alors ses parents c'étaient sûrement les plus moches du magasin"," 
"
"Quality Chesterfield 3 Seater Leather Sofa, High Backed, Oxblood Antique Red £175.00 - _URL _URL"," 
"
"Who knew buying furniture could be so stressful."," 
"
"Looking to buy new #patio and garden #furniture  Fast Delivery! Buy now! _URL"," 
"
"Flat pack furniture is the biggest nightmare"," 
"
"I think ""rearranging furniture"" is one of my hobbies.."," 
"
"handpickedhappiness: gonedemonhunting: I have a theory that nobody actually works in Ikea. Their ‘employees’... _URL"," 
"
"Been ikea and alls I was interested in was buying cuddly toys����"," 
"
"Got all the way to ikea and forgot my card...� #blondemoment"," 
"
"Helping the Fam move my grandma into her new house .. She got Tooo much furniture lol damn"," 
"
"TAKEN: Ikea Vradal Loft Bed (OX4 (Taken) _URL"," 
"
"Ikea Full Bed Frame (Heimdal) for sale CHEAP (millbrae) $40 _URL"," 
"
"I'm at Ikea Food (A Coruña) _URL"," 
"
"New: Viking Log Furniture NBHCS10 Barnwood 10 Drawer Chesser in Honey Pine: The Barnwood 10 drawer chesser is ... _URL"," 
"
"IKEAで売ってるアレ。なかなか悪くない、明かりもLEDだし…
リビングにメインの光量調整できるデカイの一つとダウンライト二つとコレがあるんだけどもっぱらダウンライトを今まで使っていたから今度はコレ多用しそう。 _URL"," 
"
"Isabella was still in bed asleep,I told her the brownies were done &amp; she crawls out of bed, crashes into furniture &amp; stumbles to the kitchen"," 
"
"People with tablecloths on their kitchen table make me wanna vomit. Talk about tacky!�"," 
"
"Es ver el catálogo de ikea y tener ganas de decorar mi casa!!!!"," 
"
"think I've forgotten I'm actually supposed to be doing work at uni #ihatepolitics #bed"," 
"
"Not fun studying this subject on a night like this.... #bed #pajamas _URL"," 
"
"I really, really want to go to Ikea. I need bookshelves!!! Hoping to convince my husband to take me there soon."," 
"
"@keixiahjs イスもIKEA？！わわー！見てくればよかった←"," 
"
"Yo creo que Cali y Dandee son lo más parecido a los muebles del ikea. Aunque mi amigo Juan tampoco se queda detrás. #Batalla_Malú"," 
"
"“@LifeCheating: Tired? In China, it is acceptable to walk into an IKEA store to relax and take a nap.” Looks like we need to go to china lol"," 
"
"Work✌️� #work #office #coffee #desk #listeningtomusic #afi #afireinside #burials #easygoing #workflow… _URL"," 
"
"Colonial Furniture - The Colonial style combines characteristics of... _URL French Style Furniture,Gold Leaf Furniture"," 
"
"RT @LoulaAlg: Elle est monte sur un caddie de Ikea j'lai pouusse ptdddddrrrrrr"," 
"
"Can't believe at 48 this is my first time in an IKEA store... Love it... Too bad we don't have one near us"," 
"
"#home #bed
KingSize TV Bed in Black Faux Leather With Luxury Memory Foam Mattress Manhattan

#tweetmystock &gt;&gt; _URL"," 
"
"#ojeu #notice 39100000 Leicester:Furniture Supply, Delivery and Installation of Office... _URL"," 
"
"@ilovethomyorke what's the website for the art guy who does second hand furniture?"," 
"
"Pilih hadiah anda  dengan berbelanja furniture harga normal dengan minimum transaksi.
Dapatkan Ferris Kids Shoe... _URL"," 
"
"You've probably stroked more wood than a polisher at a furniture store... #Gross #Whore"," 
"
"IKEA Rollcontainer Galant Schubladenelement: Hamburg | Breite  ca. 44 cm, Tiefe  ca. 66 cm, Höhe  ca. 59 cm. _URL"," 
"
"@eluna333 Just be glad they don't sell them at IKEA."," 
"
"@nannerburns sometimes _URL has amazing furniture finds. Definitely worth a look!"," 
"
"Now if only we had more furniture... Haha"," 
"
"Horrible wind gusts, drop in temperature and very foggy skies in SE #ABQ right now... You may wanna secure patio furniture ASAP #nmwx #koat"," 
"
"Someone bring me to Ikea pls"," 
"
"I'm at IKEA 神戸 (神戸市中央区, 兵庫県) _URL"," 
"
"Magnets create unique furniture! RT @designboom: no nails, bolts, or screws hold together magneto table by yiannis ghikas @yiannisghikas..."," 
"
"Today is a good day for a life clear out, clothes, books, furniture, friends etc..... Be gone from my life!!!!"," 
"
"@HugYourLegs imagine that you are at Taylor's concert, well full of boring adults and furniture and Taylor isn't there but try it lol"," 
"
"In the room the curtains were drawn, but the rest of the furniture was real."," 
"
"Well, well, well: Catherine the Great’s dirty, dirty furniture collection _URL via @dangermindsblog"," 
"
"So there's a pile of condoms on my kitchen table, and my greedy ass thought it was candy..."," 
"
"Sliding Doors Room Dividers IKEA:  _URL"," 
"
"Doll Furniture Loft bed &amp; Bedroom set Made to fit 18 Inch American Girl Mckenna: Price 58.0 USD (29 Bids) End... _URL"," 
"
"@DanielsDANIbear Sorry, team. Can't do 5k today but shall make up. Mind you, pretty sure I'm not far off after my trek around Ikea earlier!"," 
"
"An eclectic &amp; playful composition for your Monday.  This atmosphere is made up of earth tones through furniture... _URL"," 
"
"因みに
カーテンは

�IKEA"," 
"
"Dulu yang di follow di IG online shop baju, assesoris, sepatu, tas dll. Sekarang : on line shop furniture,… — _URL"," 
"
"RT @TheComedyJokes: *Enters a restaurant* ... ""Hello, Would you like a table?"" ... ""Wait what? Oh, this is a furniture store?"""," 
"
"Bob's Discount Furniture #BusinessMgmt #Job: Store Management ( #Secaucus , NJ) _URL #Jobs #TweetMyJobs"," 
"
"RT @_JohnnyBraavo: “@goldenkurls: just walk it off , you'll be fine b RT“@PacMan_103: Hit my foot on the kitchen table again _URL…"," 
"
"@TreyLFite we sell some. But it's an Amish furniture and market!"," 
"
"Now is the time to coat your garden furniture, fences and woodwork. We deliver all the leading brands of woodcare products  to your door"," 
"
"RT @QuercusCooks: Win a copy of @AllegraMcEvedy's beautiful BIG TABLE, BUSY KITCHEN by sharing your favourite family food memory: _URL.…"," 
"
"I'm listening to the movie Rudy's theme song and running around the house in slow motion pretending to break the furniture's tackles :|"," 
"
"I enjoy building #Ikea furniture a little bit too much"," 
"
"My friends retarded doge. #Dog #licking #couch #stop #lol #stupid _URL"," 
"
"News from HASANA STUDIO: Victorian (1840-1910) - The Victorian... _URL #furniture,#property,@property,#Rumah,#perabot"," 
"
"@em_brown deshonra sobre ese Ikea!"," 
"
"Al ikea! A ver que encontramos!"," 
"
"@musesandrants they can peddle furniture and use the army for snow removal too - ah its not like were a big city or anything. #TOpoli"," 
"
"23941:#WiseArt, #abstractart, #pastel, #Ikea, #MET, #ho see at --&gt; _URL"," 
"
"RT @Rawrdiactivo: ""Donde caben dos, caben tres"".
Ikea es el culpable de las rupturas de parejas."," 
"
"Alguien sabe si habrá IKEA en México próximamente?? Estoy viendo Megafabricas en @NatGeo_la y exigo una de estas tiendas en Mx"," 
"
"IKEAのクリスマスツリーは足元が気に入らず、コストコのツリーはかっこよかったけどでかすぎた。さて、気に入るツリーは見つかるだろうか。。。"," 
"
"Kunjungi BAZAR FURNITURE di 
- Serang Trade Center, Jl. Raya Cilegon Km.3 Drangong - Serang
- Gedung Joang -... _URL"," 
"
"RT @Perspective_pic: IKEA: Free Snowman _URL"," 
"
"Bomboş bir IKEA! Rüya gibi :)) _URL"," 
"
"Self-Assembly on the Savanna: IKEA Shelters House Refugees _URL vía @SPIEGELONLINE"," 
"
"News from HASANA STUDIO:   _URL #furniture,#property,@property,#Rumah,#perabot"," 
"
"I NEED a nap, especially if I'm going to this meeting and then moving furniture and then watching X Men. #sobusy"," 
"
"Ostrich Pillow Light: For Napping on the Go _URL via @designmilk"," 
"
"Ikea for breakfast or lunch . HAHAHA"," 
"
"If you want to know more about the #Italy2000 furniture organization, please visit _URL"," 
"
"IKEAで！！

購入ーっ！(p_-) _URL"," 
"
"Should I Buy Luxury Furniture Or Is It A Fad _URL"," 
"
"RT @Chstrhck: Eski sevgilime ""evinizin her şeyi ikea mı?"" diye mesaj attım.. aklıma başka bi şey gelmedi. tüm soruları tükettim.. çok zor ç…"," 
"
"#goodnight world. #ifeellikeshowingsomeskin #sweater #bed #blackandwhite _URL"," 
"
"@bananafone34 ikea is very good for that type of stuff"," 
"
"Nyobain~ (at Epic Coffee and Epilog Furniture) — _URL"," 
"
"Rearranged our living room and office for one new piece of furniture =\ think we're both happy now though."," 
"
"I'm at IKEA Restaurant &amp; Cafe (Petaling Jaya, Selangor) w/ 19 others _URL"," 
"
"While I am highly interested in the Ikea PAX wardrobe I am trying to see the mechanics of disassembly for a move considering I move often"," 
"
"Bringe Ihre Ikea Möbel nach Hause  Kleintransporte: Kronshagen | Biete Kleintransporte an.  z.B. ich bringe ih... _URL"," 
"
"2 family yard sale: furniture, army camo, toys, games, and _URL"," 
"
"Clean that table boy!! #clean #dinner #table @ Ruskington _URL"," 
"
"IKEAの品物の取扱説明書、水曜日までにほしいんだけど誰か持ってないかなあ"," 
"
"RT @AlexSaumet: Jamais j'ai vu un truc aussi compliqué qu'une femme, même les noms de meuble Ikea c'est plus compréhensible"," 
"
"Eerlijk ikea is leuk"," 
"
"@DesignNews Stir's Smart Desk Revolutionizes Office Furniture _URL"," 
"
"Holy shit, Sophia Vergaro has a furniture line. I hope it's more comfortable than I am when I hear her talk."," 
"
"@this_isnt_steph what time is operation IKEA?"," 
"
"RT @hutcherstoned: SCENE WITH KATNISS AND GALE WHIPPED IN THE KITCHEN TABLE _URL"," 
"
"KUBE Furniture Showroom:
Address: 242, Tejgaon-Ghulshan LinkRoad, Dhaka-1208, Bangladesh
Phone: 8879170,... _URL"," 
"
"RT @TuiterHits: Las albóndigas del Ikea están hechas con la gente que no consigue encontrar la salida."," 
"
"#Ikea construye un baño sobre una valla publicitaria _URL #publicidad"," 
"
"Craving for some ikea food esp chicken wings �"," 
"
"It's that time again, up at 5am and the drive in the dark to work #early #morning #dark #cold #bed #needed"," 
"
"""Imagine you're working in a furniture store"" WHY THE FUCK WOULD I WANNA DO THAT"," 
"
"Need help with a room or area of your home? Work with a professional interior designer at Ciao Interiors. #lifestyle, #furniture, #design"," 
"
"RT @ILoveJepara: #Wawancara |  Mebel Jepara Menembus Tiga Benua

#Jepara sudah lama dikenal sebagai pusat industri furniture di... _URL…"," 
"
"RT @sechsdreinuller: Twitter - Leute, die man nicht kennt, aber mag.
Facebook - Leute, die man nicht mag, aber kennt.
IKEA - Leute, die man…"," 
"
"Troya ardió."," 
"
"night time selfie! #night #in #bed #no #makeup #natural #smile #blonde #silver #heart #necklace… _URL"," 
"
"One of those days.. #lazy #bed #girl #cantgetup #work #tonight #bartender #weekend #sleepy #ysl… _URL"," 
"
"furniture shopping with my little lady #strikeapose _URL"," 
"
"Throw it up in mad positions, From the bathroom to the kitchen, On the table fuck the dishes, They fall to the floor I give you the business"," 
"
"Could have brought soooo much in Ikea today #control"," 
"
"The fun side of #office design!  Unusual office furniture including board room table made with parts of Bay bridge! _URL"," 
"
"@alysnad hahaha okay we need to go IKEA again lol"," 
"
"@NerdywereWolf hope you feel better baby n sorry ;);) I'm in fkn ikea"," 
"
"Library Furniture | Library Shelving | Library Furniture installation | @scoopit _URL"," 
"
"I'm scared for my garden furniture tonight"," 
"
"@needabieberhug IKEA."," 
"
"of the living room. I bring up a claw and scratch at the furniture.) (@EgotisticSinner)"," 
"
"Jaha, åker till Ikea och köper skåp till badrummet för 800 spänn, kommer utanför butiken och tappar paketet i en vattenpöl...."," 
"
"News from HASANA STUDIO: American Empire (1800-1840) - American... _URL #furniture,#property,@property,#Rumah,#perabot"," 
"
"""rip your clothes off and fuck you on my kitchen table"""," 
"
"一人掛けソファが欲しいIKEAかなやっぱ……"," 
"
"RT @Picker_crushes: So, how 'bout that new furniture?"," 
"
"So knackered, putting up my bed, going to ikea and then movie night later, need sleep"," 
"
"Hold On, We're Going Home by Drake How can I go to Ikea when @Flow935 keeps playing good songs!?"," 
"
"#Ethiopia | IKEA Refugee Shelters Popping Up In Ethiopia - Huffington Post: Huffington PostIKEA Refugee Shelte... _URL"," 
"
"Chippendale Furniture - Chippendale style of furniture is named after... _URL French Style Furniture,Gold Leaf Furniture"," 
"
"RT @SimoneHi: Plain and simple but beautiful!!! Yellow Ian Cross  _URL international shipping possible  @bsome"," 
"
"Irish designer - Home Interior Design - Livingroom,Bedroom,Bathroom,Kitchen,Furniture,Wall Decoration,F... _URL via @fancy"," 
"
"I FOUND THIS BIG ROUND SPINNY CHAIR IN THE FURNITURE STORE IM FUCKING IN LOVE"," 
"
"RT @TheFunBird: Dear unsuspecting furniture store customers, “FOR NARNIA!!!!!!!!!“ Sincerely, hiding in the wardrobe right behind you."," 
"
"This time of the year, my kitchen table doubles as a gun cleaning table. #SorryMom"," 
"
"_URL #sofa #design #wallpaper #hd #desktop #wallpapers #full #high #definition _URL"," 
"
"RT @LosBeOnIt: If my girl tells me she need space imma just take all the furniture out of the house cause idk what the fuck that means."," 
"
"In Ikea earlier a lady made an announcement over the tanoy: ""Can a Mr Toby Lerone..."" &amp; then she just started loling for everyone to hear."," 
"
"@summerau IKEA、回るだけで疲れるよね。。でも、見てるのほんま楽しー！"," 
"
"You may be able to cut off a mans head, but you will never be able to fit a whole IKEA inside it. Those flipping things are huge."," 
"
"IKEA通販・代行のplus-oneです。おはようございます！台風の被害は、皆さんの地域では、どうでしたか？大丈夫でしたか？大阪もすごい雨でしたが今は、降ってませんね♪♪風が冷たいので暖かくして出かけて下さいね！そろそろIKEAの商品で冬バージョンに模様替えしましょう"," 
"
"Getting new furniture in 10 weeks! So were gonna have 3 couches, a love seat, 3 rocking chair recliners, 1 rocking chair, and 2 chairs �"," 
"
"RT @hbk_drums: IKEAなう〜☆ _URL"," 
"
"RT @GunpowdernGold: @jimmiemartin brings the #glam &amp; the #dramz to #luxury furniture. #iminlove _URL"," 
"
"For a low price, high quality #Desks  #Home #Office #Furniture  Fast Delivery! Buy now! Desks &amp; Home Office Furniture _URL"," 
"
"My grandma buying this ugly ass furniture"," 
"
"Great lakes next Friday... Ikea this Friday... I love having Fridays off"," 
"
"Hi, my name is Dennis and I like to climb on the new furniture.. _URL"," 
"
"@DevinaAprianti ga bagi ak mh at ci, da ak udh mau keluar, kang ardi baru ngajar lgi '-')///"," 
"
"Truex Going To Furniture Row After MWR Chase(topix) _URL"," 
"
"RT @9GAGTweets: Everytime I try to build an IKEA furniture - _URL"," 
"
"RT @iMadeHerWise: If my girl tell me she need space I'ma just take all the furniture out the house cause idk what the fuck that mean"," 
"
"I told my mum she looked polish and she said what like mr sheen and I was like what and she said 'furniture polish' omg"," 
"
"@munzirismail1 kau da siap belum perhiasan?ikea da pergi?"," 
"
"RT @ToumaMusic: J'aurais enfin une salle de séjour meublée aujourd'hui.. Pas tout de suite il me faut quelques heures de bricolage avant :p…"," 
"
"RT @joeman42: @StanleyCohenLaw 
Greater chance of dying from falling furniture than terrorism in #USA"," 
"
"RT @The_HelenKeller: NOTHING GETS ME MORE HEATED THEN HAVING THE FURNITURE REARRANGED"," 
"
"#Thamesgatefurniture: Science Laboratory Furniture. @Furnitures. Visit _URL."," 
"
"HARVEYS HILTON BOWN LEATHER LEFT HAND FACING CORNER SOFA ***QUICK SALE*** : South West London : £50 ... Error"," 
"
"RT @UberFacts: IKEA stores are designed like mazes in order to prevent customers from leaving."," 
"
"News from HASANA STUDIO: Arts and Crafts (1880-1910) - The Arts... _URL #furniture,#property,@property,#Rumah,#perabot"," 
"
"RT @WOWFactsOfLife: Shin bone: A device for finding furniture in a dark room."," 
"
"Les gâteaux Ikea c'est des gâteaux en kit"," 
"
"THE TENT SALE HAS MOVED INSIDE!! Come in today for great deals on quality solid wood furniture, floor model... _URL"," 
"
"Угловая мебель для кухни #офис _URL"," 
"
"Realizing the hard way that my mom rearranged some furniture by colliding with everything in the dark"," 
"
"@Bidmickey my apt is 1256 a month I have to put 1440 down. And still getting furniture. U wanna pay for me?"," 
"
"RT @MikeLoBurgio: What does a $36 cut in #foodstamps look like on the kitchen table? _URL @nytimes @BarackObama #p2 http:…"," 
"
"The toe is a device for finding furniture"," 
"
"RT @marksandspencer: Get ready for winter with our Home Event - up to 30% off furniture and 20% off homeware &gt; _URL http:…"," 
"
"Furniture shopping for my new crib 2moro ����"," 
"
"RT @ReptileClinton: Most people know what it feels like to be sad but do they know what it feels like to be constantly intimidated by furni…"," 
"
"A force de meubler Salim va finir par se faire embaucher par Ikea !  :D #ROGPGW @ASUS_ROG_FR"," 
"
"I posted 4 photos on Facebook in the album ""Renee Philmore Furniture"" _URL"," 
"
"RT @AlliesHeart: “@CluelessHelen: #DontComeToMyHouse and rearrange the furniture, that ain't cool.” @ashleyhasty1"," 
"
"And where are we headed? IKEA! I'm Swedish, where else to? #duh"," 
"
"RT @RichardHastie: Ikea job interview. Boom boom. _URL"," 
"
"Chippendale Furniture - Chippendale style of furniture is named after... _URL French Style Furniture,Gold Leaf Furniture"," 
"
"I have 3k silver but I can't get the furniture I want because I don't have the fairy.. ;_; #Kancolle"," 
"
"@harrietpurnellx remember when you did this with furniture polish at mine? ahah �"," 
"
"Sheraton(1780-1820) - Sheraton is a neoclassical style characterized by... _URL French Style Furniture,Gold Leaf Furniture"," 
"
"#findejournée #couchédesoleil #franche-comté _URL"," 
"
"there will be a yard sale at 9 am - till at Troy Smith Furniture inn Evergreen Al. across from Tatum's furniture... _URL"," 
"
"RT @kokoroodoruroom: IKEAのキッズのお部屋が超可愛い♡ _URL"," 
"
"@desigualisme yeap the finishing touches to a perfect furniture:&gt;"," 
"
"I'm wearing my @StOlaf sweatshirt to Ikea this morning just to show those Swedes I'm not afraid of them or their flat pack furniture #umyaya"," 
"
"Housekeeper freaked out &amp; refused to clean the room until I removed my weapons off the kitchen table. Crazy how some things become normal."," 
"
"RT @SexuaIHumor: Are you a pinky toe? Cause I'm gonna bang you on every piece of furniture in my house tonight."," 
"
"RT @hesgoingtodoyou: on the kitchen table tonight &lt;3"," 
"
"Wow 20:08pm and iv only just sat down... Feel beat! 3 hours sleep is not the one. #Bed"," 
"
"RT @Ultimatejunk: - J'ai un pénis IKEA. 
- Ah bon ? Pourquoi ? 
 - Car quand je fais l'amour, je démonte ma femme !"," 
"
"Pasando la tarde. #today #saturday #afternoon #dog #kira #smile #sofa #punished #boring #good… _URL"," 
"
"ikea or death予備知識なしで14問いけた。"," 
"
"Nu luungan cng""@iniFAKTAnya_: Brad Pitt sebelum terkenal adalah seorang supir bayaran, kurir furniture dan maskot berkostum untuk restoran."""," 
"
"IKEA HOTDOGGGGG ;) _URL"," 
"
"How ever did we manage before fire-pit garden furniture, eh? _URL"," 
"
"#nothing like a bar of #cadburys #wholenut #hungover #tea #couch #cuddles #fatmess _URL"," 
"
"Power Plants Try Burning Wood With Coal to Cut Emissions: Adding waste wood from paper mills, furniture factor... _URL"," 
"
"RT @Rawrdiactivo: ""Donde caben dos, caben tres"".
Ikea es el culpable de las rupturas de parejas."," 
"
"@kurrmjau ikea"," 
"
"RT @iniFAKTAnya_: Brad Pitt sebelum terkenal adalah seorang supir bayaran, kurir furniture dan maskot berkostum untuk restoran."," 
"
"IKEAに行って生活用品とか部屋の改造用品が欲しい、誰か連れてって！"," 
"
"RT @kokoroodoruroom: IKEAのキッズのお部屋が超可愛い♡ _URL"," 
"
"RT @SoInnocentDad: I heard my daughter screaming push harder! push harder! I guess her and her boyfriend are moving the furniture again."," 
"
"45% OFF Ottoman in Feline Graphite Rose _URL _URL #Ottoman #Bed #Chair #Platinum #Home #FurnitureLig"," 
"
"#DebGreenwoodQVC Oh no, where's my Pauly? :'( #radiojackiee, I have to do so for all the Ikea employees, ~Ingvar Kamprad"," 
"
"@sevilsenturk bir de ikea nin evladiyelik bak bu çok guzel evladiyelik :D"," 
"
"RT @FrankieTheSats: @RochelleTheSats must be a man thing. The same had to be done here... Bring on the storm u won't be getting our garden …"," 
"
"RT @GEArchitects: Moving into new offices? We no a great upcycled office furniture company - Message us for an intro #bizitalk"," 
"
"#HungerGames #onesie #bed #greatnightin"," 
"
"#FengShui &gt; En las mesas rectangulares los comensales no deben ocupar las puntas, son acordes para el trabajo, ya q estimulan la actividad."," 
"
"@jennreese Isn't there some kind of cool, wall-sized Ikea thing I could hang?"," 
"
"Is it possible to fall in love with furniture because this black and cream chair from #7 just stole my heart. At... _URL"," 
"
"how cosey does my bed look, #relaxed #bedtime #earlynight #cosey #love #bed _URL"," 
"
"On Black Friday I'm gonna go ahead and purchase furniture lol"," 
"
"RT @example: Sofa advert on TV just now: ""our sofas are made from real leather and science"""," 
"
"RT @nurulrozynadia: wanna go ikea with u so we could choose cute sofas and beds and imagine hw our future house's gna be like"," 
"
"17 again! #lovethis #bed #fridaynight #TGIF"," 
"
"#negative #effects #negativeeffect #effect #blackandwhite #hair #girl #sleep #bed #funny #fun #quiet… _URL"," 
"
"_URL скачать бесплатно программу ikea
 _URL"," 
"
"5th street pizza is in Stacy's furniture store?"," 
"
"nows when I wish I had a slave! then I could nap while they move furniture!! :/"," 
"
"Night errybadeh #selfie #sleep #bed _URL"," 
"
"RT @CBCNews: Japadog closes Richmond IKEA stand after online shaming _URL"," 
"
"News from HASANA STUDIO:   _URL #furniture,#property,@property,#Rumah,#perabot"," 
"
"Ob die werte  @frauherbststurm noch weiß welchen Namen das Sofa #IKEA  trägt?"," 
"
"I underestimated how long it would take to pain my room take out ALL The furniture and carpet"," 
"
"Every time I go to ikea, I get lost. Today was no different"," 
"
"why is it that  @ChiefKeef dosent have furniture in his 2 million dollar home...because he is a #niggER"," 
"
"_URL матрас икеа хамнвик"," 
"
"Kemikaalien löyhkä. Kiitos Ikea"," 
"
"RT @NewsCityBuzz: To a Cat, People are just Furniture that does Tricks."," 
"
"Отлично☺️ @ ИКЕА / IKEA _URL"," 
"
"てかIKEAかコストコに激しく行きたい"," 
"
"For a fantastic deal on #furniture #garden  Fast Delivery! Buy now! _URL"," 
"
"Storm Chasers' manager promoted to Royals' bench, but not yet quitting job at furniture store: _URL"," 
"
"_URL #расписание работы мега ашан икеа"," 
"
"Yo seré rubia, pero mi escasez de neuronas están mejor distribuidas que un mueble embalado de Ikea"," 
"
"RT @SexuaIHumor: Are you a pinky toe? Cause I'm gonna bang you on every piece of furniture in my house tonight."," 
"
"RT @BeautyCare01: Cats regard people as warmblooded furniture. - Jacquelyn Mitchard, The Deep End of the Ocean"," 
"
"Trying to work out how we would defend our house against a bird attack. We have too many windows and not enough heavy furniture #thebirds"," 
"
"@OddSocksAlex That's as ridiculous as the savings at John's Furniture Warehouse."," 
"
"#chesterfieldsofa Green Leather and Solid Wood Chesterfield Sofa 4 seater:  £390.00End Date: Thursday Nov-7-20... _URL"," 
"
"I'm at IKEA (İstanbul, Türkiye) w/ 26 others _URL"," 
"
"Hot and cold coffee  damn! ure effect for me #table throw!"," 
"
"2o'clock already :/ #bed"," 
"
"im eating it out of a slightly chipped ikea bowl that i took with me from my last apartment which had been left there by the previous tenant"," 
"
"do u think they actually used some of the same furniture and stuff or they just found/made replicas bc its spot on"," 
"
"@ryu2tocchi @nikuyan 今日、保険の事でキエママに相談の為に家にお邪魔させてもらったんだけど、その後、ふたりで初IKEA行ってきたよー！買い物して、フードコートでお茶して楽しかった☆今度はみんなで行きたいね！"," 
"
"Victorian (1840-1910) - The Victorian style draws its influence from... _URL French Style Furniture,Gold Leaf Furniture"," 
"
"_URL скачать бесплатно программу ikea home planner
 _URL"," 
"
"Huntington 2-pc Bonded Leather Sofa &amp; Loveseat Set with 4 Recliners Promo _URL"," 
"
"A sneak peek at the furniture, art, memorabilia and more Oprah Winfrey is putting up for auction!
SBN-08TH"," 
"
"Vamos para Málaga!!�✌ #today #go #Málaga #shopping #ikea #october _URL"," 
"
"I've hit my IKEA wall...help...me... (@ IKEA - @designbyikea w/ 13 others) [pic]: _URL"," 
"
"RT @iniFAKTAnya_: Brad Pitt sebelum terkenal adalah seorang supir bayaran, kurir furniture dan maskot berkostum untuk restoran."," 
"
"_URL #your #home #furniture #design #wallpaper #interior #with #neutrallight #colors… _URL"," 
"
"Leroy Merlin 1 - 0 Ikea"," 
"
"@naomclare I'm in ikea and have just found a basket of assorted rats"," 
"
"My mom loves to throw away things, mostly furniture"," 
"
"@Michaela_Suee I am sitting in the kitchen on the floor because the table is nasty ���� (not really that much fun)"," 
"
"RT @FinnHarries: Wills made himself at home in Ikea... _URL"," 
"
"RT @arissarafee: ""Ikea Comei ♡"" hahahahahahaha"," 
"
"@AdamSiimmons pretty sure he threw a chair at the wall, not to mention this guy THREW a SOFA onto our kitchen table. hero."," 
"
"ThermaRest ZSeat Camp Chair _URL #Camp #Chair #Therm-A-Rest #ThermaRest #ZSeat"," 
"
"... Why design my own home when #Ikea does it just the way I like? | _URL"," 
"
"RT @FinnHarries: Wills made himself at home in Ikea... _URL"," 
"
"Finally going to do my registry and looking at some furniture when I get off"," 
"
"ArtScape 7' Gold Circuit Board Pool Table Cloth _URL #ArtScape #Board #Circuit #Cloth #Gold #Pool #Table"," 
"
"News from HASANA STUDIO:   _URL #furniture,#property,@property,#Rumah,#perabot"," 
"
"Photoset: nothingtochance: Range Life / Atelier Takagi The first in a series of furniture objects inspired... _URL"," 
"
"What exactly do females think we they see a dudes place? Y'all really like judge and pay attention to the furniture and stuff?"," 
"
"@LIFURNI LIFE and FURNITUREさん、こんばんは。大森と申します。フォローありがとうございます。よろしくお願いします。"," 
"
"Nigerian Hip Hop duo show off their gold-embellished furniture. _URL RT @waduponline"," 
"
